TEMP_PLAYER_ID,PLAYER_ID,FIRST_NAME,LAST_NAME,PLAYER_NAME,POSITION,HEIGHT_WO_SHOES,HEIGHT_WO_SHOES_FT_IN,HEIGHT_W_SHOES,HEIGHT_W_SHOES_FT_IN,WEIGHT,WINGSPAN,WINGSPAN_FT_IN,STANDING_REACH,STANDING_REACH_FT_IN,BODY_FAT_PCT,HAND_LENGTH,HAND_WIDTH
,202374,Solomon,Alabi,Solomon Alabi,C,83.5,6' 11.5'',84.75,7' 0.75'',237.4,89.0,7' 5'',113.0,9' 5'',5.0,9.25,9.25
,202332,Cole,Aldrich,Cole Aldrich,C,81.0,6' 9'',83.25,6' 11.25'',236,88.75,7' 4.75'',111.5,9' 3.5'',8.5,9.0,9.25
,202329,Al-Farouq,Aminu,Al-Farouq Aminu,SF,79.25,6' 7.25'',80.5,6' 8.5'',216,87.25,7' 3.25'',108.5,9' 0.5'',8.2,9.5,9.5
,202341,James,Anderson,James Anderson,SF,76.75,6' 4.75'',77.75,6' 5.75'',207.6,80.5,6' 8.5'',104.0,8' 8'',7.9,8.5,7.25
,202337,Luke,Babbitt,Luke Babbitt,SF-PF,79.5,6' 7.5'',80.75,6' 8.75'',217.8,83.25,6' 11.25'',104.5,8' 8.5'',5.6,8.5,10.0
,202339,Eric,Bledsoe,Eric Bledsoe,PG,72.25,6' 0.25'',73.5,6' 1.5'',191.6,79.5,6' 7.5'',98.0,8' 2'',5.6,8.5,9.75
,202344,Trevor,Booker,Trevor Booker,PF,78.25,6' 6.25'',79.5,6' 7.5'',235.8,81.75,6' 9.75'',106.0,8' 10'',7.3,9.0,9.5
,202342,Craig,Brackins,Craig Brackins,PF-SF,80.5,6' 8.5'',81.75,6' 9.75'',229,84.0,7' 0'',109.0,9' 1'',7.9,9.5,11.25
,202340,Avery,Bradley,Avery Bradley,SG-PG,74.0,6' 2'',75.25,6' 3.25'',180.4,79.25,6' 7.25'',98.5,8' 2.5'',4.0,8.25,9.5
,202382,Derrick,Caracter,Derrick Caracter,PF,80.25,6' 8.25'',81.5,6' 9.5'',280,84.25,7' 0.25'',107.5,8' 11.5'',12.8,9.0,10.25
,202395,Sherron,Collins,Sherron Collins,PG,70.25,5' 10.25'',71.75,5' 11.75'',217.2,74.5,6' 2.5'',94.0,7' 10'',9.2,8.5,9.5
,202326,DeMarcus,Cousins,DeMarcus Cousins,C,81.5,6' 9.5'',82.75,6' 10.75'',291.8,89.75,7' 5.75'',113.0,9' 5'',16.4,9.25,10.0
,202348,Jordan,Crawford,Jordan Crawford,SG,75.0,6' 3'',76.5,6' 4.5'',198.4,79.0,6' 7'',101.0,8' 5'',4.9,8.0,9.0
,202334,Ed,Davis,Ed Davis,PF,81.0,6' 9'',81.75,6' 9.75'',226.6,84.0,7' 0'',108.0,9' 0'',10.0,9.25,10.0
,202365,Devin,Ebanks,Devin Ebanks,SF,79.0,6' 7'',80.25,6' 8.25'',207.8,84.25,7' 0.25'',107.5,8' 11.5'',7.9,8.25,9.0
,202324,Derrick,Favors,Derrick Favors,PF,80.75,6' 8.75'',82.25,6' 10.25'',245.2,88.0,7' 4'',110.0,9' 2'',6.5,8.75,9.25
,12316,Keith,Gallon,Keith Gallon,PF-C,80.5,6' 8.5'',81.5,6' 9.5'',301.8,88.5,7' 4.5'',109.5,9' 1.5'',15.1,9.25,10.5
,12317,Charles,Garcia,Charles Garcia,SF,80.25,6' 8.25'',81.25,6' 9.25'',231.6,85.75,7' 1.75'',107.5,8' 11.5'',7.0,8.75,9.0
,202331,Paul,George,Paul George,SF,79.75,6' 7.75'',80.75,6' 8.75'',214.4,83.25,6' 11.25'',107.0,8' 11'',5.0,8.5,9.0
,202376,Luke,Harangody,Luke Harangody,PF,78.0,6' 6'',79.75,6' 7.75'',240.2,81.5,6' 9.5'',106.0,8' 10'',11.1,8.75,9.75
,202412,Manny,Harris,Manny Harris,SG,76.0,6' 4'',77.5,6' 5.5'',185.1,79.25,6' 7.25'',102.0,8' 6'',3.8,8.5,9.0
,202351,Lazar,Hayward,Lazar Hayward,SG-SF,76.5,6' 4.5'',77.75,6' 5.75'',225.8,84.75,7' 0.75'',102.0,8' 6'',7.5,9.25,9.5
,202330,Gordon,Hayward,Gordon Hayward,SF,78.75,6' 6.75'',80.0,6' 8'',211,79.75,6' 7.75'',103.0,8' 7'',6.9,8.5,9.25
,202333,Xavier,Henry,Xavier Henry,SG,77.25,6' 5.25'',78.5,6' 6.5'',210.2,83.25,6' 11.25'',105.0,8' 9'',4.7,8.75,10.0
,202359,Darington,Hobson,Darington Hobson,SG-SF,77.25,6' 5.25'',78.5,6' 6.5'',203.6,81.25,6' 9.25'',104.5,8' 8.5'',6.2,8.25,9.0
,202345,Damion,James,Damion James,SF,78.25,6' 6.25'',79.75,6' 7.75'',226.6,84.75,7' 0.75'',107.0,8' 11'',9.6,9.25,8.5
,202356,Armon,Johnson,Armon Johnson,PG-SG,74.0,6' 2'',75.25,6' 3.25'',195.2,80.0,6' 8'',99.5,8' 3.5'',5.6,8.25,9.25
,202325,Wesley,Johnson,Wesley Johnson,SF,78.25,6' 6.25'',79.25,6' 7.25'',206.4,85.0,7' 1'',106.0,8' 10'',4.6,9.0,9.5
,202346,Dominique,Jones,Dominique Jones,SG,75.25,6' 3.25'',77.0,6' 5'',216,81.25,6' 9.25'',101.0,8' 5'',5.9,9.0,10.25
,12329,Jerome,Jordan,Jerome Jordan,C,83.5,6' 11.5'',84.75,7' 0.75'',244.2,89.25,7' 5.25'',113.0,9' 5'',6.9,9.0,10.25
,12330,Sylven,Landesberg,Sylven Landesberg,SG,76.75,6' 4.75'',78.25,6' 6.25'',210,81.0,6' 9'',100.5,8' 4.5'',11.6,8.75,10.75
,202371,Gani,Lawal,Gani Lawal,PF,79.5,6' 7.5'',81.0,6' 9'',233.4,84.0,7' 0'',107.5,8' 11.5'',6.3,8.5,10.0
,202328,Greg,Monroe,Greg Monroe,PF-C,81.75,6' 9.75'',83.0,6' 11'',246.6,86.25,7' 2.25'',108.5,9' 0.5'',11.2,8.75,9.5
,202350,Daniel,Orton,Daniel Orton,C,80.75,6' 8.75'',81.5,6' 9.5'',269.2,88.25,7' 4.25'',110.5,9' 2.5'',13.8,8.5,9.75
,12334,Artsiom,Parakhouski,Artsiom Parakhouski,C,82.25,6' 10.25'',83.75,6' 11.75'',268.2,85.0,7' 1'',109.5,9' 1.5'',6.0,9.0,10.5
,202335,Patrick,Patterson,Patrick Patterson,PF,80.0,6' 8'',81.25,6' 9.25'',239.6,85.25,7' 1.25'',107.0,8' 11'',5.3,9.25,10.25
,202354,Dexter,Pittman,Dexter Pittman,PF-C,81.5,6' 9.5'',83.5,6' 11.5'',302.6,90.0,7' 6'',111.0,9' 3'',20.8,10.25,10.5
,202360,Andy,Rautins,Andy Rautins,SG,76.25,6' 4.25'',77.0,6' 5'',191.6,79.0,6' 7'',100.0,8' 4'',6.2,8.0,9.75
,12338,Ryan,Richards,Ryan Richards,PF,82.5,6' 10.5'',83.75,6' 11.75'',230.2,85.5,7' 1.5'',110.0,9' 2'',8.0,9.0,9.75
,202383,Stanley,Robinson,Stanley Robinson,SF,78.5,6' 6.5'',79.75,6' 7.75'',213.2,84.0,7' 0'',107.5,8' 11.5'',8.3,9.0,9.0
,202336,Larry,Sanders,Larry Sanders,PF-C,81.25,6' 9.25'',82.5,6' 10.5'',222.4,89.75,7' 5.75'',112.0,9' 4'',4.6,9.75,11.0
,12341,Jon,Scheyer,Jon Scheyer,PG-SG,76.75,6' 4.75'',78.0,6' 6'',180,75.25,6' 3.25'',99.0,8' 3'',5.4,7.75,9.5
,202362,Lance,Stephenson,Lance Stephenson,SG,76.5,6' 4.5'',77.75,6' 5.75'',227,82.5,6' 10.5'',103.0,8' 7'',9.3,9.0,10.25
,12343,Mikhail,Torrance,Mikhail Torrance,PG,76.0,6' 4'',77.0,6' 5'',208.8,79.5,6' 7.5'',103.0,8' 7'',7.0,8.75,9.5
,202323,Evan,Turner,Evan Turner,SG,77.75,6' 5.75'',79.0,6' 7'',213.8,80.0,6' 8'',103.5,8' 7.5'',8.6,8.75,9.5
,202327,Ekpe,Udoh,Ekpe Udoh,PF,80.75,6' 8.75'',81.75,6' 9.75'',237.4,88.5,7' 4.5'',106.5,8' 10.5'',8.0,9.5,8.75
,12346,Jarvis,Varnado,Jarvis Varnado,PF-C,80.25,6' 8.25'',82.0,6' 10'',210.2,87.5,7' 3.5'',109.5,9' 1.5'',9.5,9.25,9.5
,202349,Greivis,Vasquez,Greivis Vasquez,PG-SG,77.0,6' 5'',78.5,6' 6.5'',210.8,79.0,6' 7'',101.0,8' 5'',8.6,7.75,9.25
,202322,John,Wall,John Wall,PG,74.75,6' 2.75'',76.0,6' 4'',195.6,81.25,6' 9.25'',101.5,8' 5.5'',5.6,8.25,9.5
,202378,Willie,Warren,Willie Warren,SG-PG,74.5,6' 2.5'',75.75,6' 3.75'',208.4,78.0,6' 6'',99.5,8' 3.5'',7.6,8.5,9.5
,202358,Terrico,White,Terrico White,SG-PG,75.75,6' 3.75'',77.0,6' 5'',202.6,81.0,6' 9'',101.0,8' 5'',3.7,9.0,10.5
,202355,Hassan,Whiteside,Hassan Whiteside,C-PF,82.5,6' 10.5'',83.5,6' 11.5'',226.6,91.0,7' 7'',113.0,9' 5'',5.5,8.25,10.25
,202728,Keith,Benson,Keith Benson,C-PF,82.0,6' 10'',83.0,6' 11'',217,87.75,7' 3.75'',109.5,9' 1.5'',6.1,9.5,11.0
,202705,Marshon,Brooks,Marshon Brooks,SG,76.25,6' 4.25'',77.25,6' 5.25'',194.6,85.0,7' 1'',101.0,8' 5'',5.2,9.0,10.5
,202692,Alec,Burks,Alec Burks,SG,77.0,6' 5'',78.0,6' 6'',192.6,82.0,6' 10'',103.5,8' 7.5'',5.1,9.0,8.25
,202710,Jimmy,Butler,Jimmy Butler,SF,78.0,6' 6'',79.75,6' 7.75'',222.2,79.5,6' 7.5'',101.5,8' 5.5'',5.4,9.0,9.0
,202708,Norris,Cole,Norris Cole,PG,72.25,6' 0.25'',73.75,6' 1.75'',174.4,74.25,6' 2.25'',95.5,7' 11.5'',4.7,8.5,9.5
,202739,Jon,Diebler,Jon Diebler,SG,77.25,6' 5.25'',78.5,6' 6.5'',196.6,78.0,6' 6'',99.0,8' 3'',8.5,8.25,8.25
,12406,Michael,Dunigan,Michael Dunigan,PF-C,80.5,6' 8.5'',82.0,6' 10'',237.6,87.25,7' 3.25'',107.5,8' 11.5'',8.0,9.0,10.75
,12407,LaceDarius,Dunn,LaceDarius Dunn,SG,75.0,6' 3'',76.0,6' 4'',187.8,78.25,6' 6.25'',101.0,8' 5'',5.5,9.0,10.25
,202702,Kenneth,Faried,Kenneth Faried,PF,78.0,6' 6'',79.5,6' 7.5'',224.6,84.0,7' 0'',108.0,9' 0'',6.3,8.5,10.25
,12409,James,Fredette,James Fredette,PG,72.75,6' 0.75'',74.5,6' 2.5'',196,76.5,6' 4.5'',96.5,8' 0.5'',7.7,8.0,8.5
,202726,Andrew,Goudelock,Andrew Goudelock,PG,73.25,6' 1.25'',74.75,6' 2.75'',197.6,76.25,6' 4.25'',96.5,8' 0.5'',9.9,8.25,9.25
,202706,Jordan,Hamilton,Jordan Hamilton,SF,78.75,6' 6.75'',80.5,6' 8.5'',228.4,81.5,6' 9.5'',104.0,8' 8'',9.8,9.0,9.25
,202712,Justin,Harper,Justin Harper,PF-SF,80.0,6' 8'',80.75,6' 8.75'',228,83.75,6' 11.75'',106.0,8' 10'',4.0,9.0,9.25
,202699,Tobias,Harris,Tobias Harris,SF-PF,78.5,6' 6.5'',79.75,6' 7.75'',222.8,83.0,6' 11'',103.5,8' 7.5'',8.4,8.75,9.0
,202715,Tyler,Honeycutt,Tyler Honeycutt,SF,78.75,6' 6.75'',80.25,6' 8.25'',186.8,81.0,6' 9'',105.0,8' 9'',5.3,8.5,9.5
,12415,Scotty,Hopson,Scotty Hopson,SG,77.75,6' 5.75'',78.5,6' 6.5'',204.6,82.5,6' 10.5'',103.5,8' 7.5'',4.8,8.5,10.0
,202681,Kyrie,Irving,Kyrie Irving,PG,73.75,6' 1.75'',75.5,6' 3.5'',191,76.0,6' 4'',99.0,8' 3'',10.2,8.25,9.25
,12417,Rick,Jackson,Rick Jackson,PF,80.25,6' 8.25'',81.25,6' 9.25'',241.8,86.0,7' 2'',106.5,8' 10.5'',8.3,8.75,9.5
,202724,Charles,Jenkins,Charles Jenkins,PG-SG,73.5,6' 1.5'',75.25,6' 3.25'',216.4,79.5,6' 7.5'',96.5,8' 0.5'',4.3,8.5,9.0
,202707,JaJuan,Johnson,JaJuan Johnson,PF,81.0,6' 9'',82.0,6' 10'',219.8,86.0,7' 2'',107.5,8' 11.5'',7.5,9.0,10.0
,202709,Cory,Joseph,Cory Joseph,PG,74.0,6' 2'',75.25,6' 3.25'',186.2,77.5,6' 5.5'',99.0,8' 3'',9.7,8.5,10.5
,202683,Enes,Kanter,Enes Kanter,PF-C,81.75,6' 9.75'',83.25,6' 11.25'',259.2,85.5,7' 1.5'',109.5,9' 1.5'',5.9,9.5,10.75
,202688,Brandon,Knight,Brandon Knight,PG,73.5,6' 1.5'',75.25,6' 3.25'',176.8,78.75,6' 6.75'',98.5,8' 2.5'',4.2,8.25,9.5
,202723,Malcolm,Lee,Malcolm Lee,SG,76.0,6' 4'',77.5,6' 5.5'',198.2,81.75,6' 9.75'',101.5,8' 5.5'',5.9,8.5,9.5
,202695,Kawhi,Leonard,Kawhi Leonard,SF,78.0,6' 6'',79.0,6' 7'',227.4,87.0,7' 3'',106.0,8' 10'',5.4,9.75,11.25
,202727,Travis,Leslie,Travis Leslie,SG,75.0,6' 3'',76.25,6' 4.25'',205,82.5,6' 10.5'',103.0,8' 7'',8.1,8.75,9.25
,202720,Jon,Leuer,Jon Leuer,PF,82.0,6' 10'',83.5,6' 11.5'',223.2,84.0,7' 0'',105.5,8' 9.5'',5.4,8.75,9.75
,202732,DeAndre,Liggins,DeAndre Liggins,SF-SG,77.0,6' 5'',78.25,6' 6.25'',202.2,83.0,6' 11'',103.5,8' 7.5'',5.0,8.75,10.0
,12428,David,Lighty,David Lighty,SG,76.75,6' 4.75'',78.5,6' 6.5'',216.2,80.0,6' 8'',101.0,8' 5'',6.5,9.0,10.0
,202714,Shelvin,Mack,Shelvin Mack,PG,73.0,6' 1'',74.5,6' 2.5'',209,79.5,6' 7.5'',96.5,8' 0.5'',7.1,8.25,9.25
,12430,Demetri,McCamey,Demetri McCamey,PG,73.75,6' 1.75'',75.25,6' 3.25'',204,78.25,6' 6.25'',99.5,8' 3.5'',6.1,8.5,9.0
,202734,E'Twaun,Moore,E'Twaun Moore,SG,74.5,6' 2.5'',76.0,6' 4'',191.4,81.5,6' 9.5'',99.5,8' 3.5'',7.6,9.0,10.0
,202721,Darius,Morris,Darius Morris,PG-SG,75.25,6' 3.25'',77.25,6' 5.25'',190,79.5,6' 7.5'',102.0,8' 6'',5.3,8.75,10.0
,202694,Marcus,Morris,Marcus Morris,PF-SF,79.0,6' 7'',80.75,6' 8.75'',229.6,82.0,6' 10'',105.5,8' 9.5'',8.0,8.25,8.5
,202693,Markieff,Morris,Markieff Morris,PF,79.75,6' 7.75'',81.25,6' 9.25'',240.8,82.75,6' 10.75'',106.5,8' 10.5'',10.2,8.5,8.25
,202718,Chandler,Parsons,Chandler Parsons,SF,80.75,6' 8.75'',81.75,6' 9.75'',221.2,81.5,6' 9.5'',104.5,8' 8.5'',7.0,8.25,10.0
,12436,Jereme,Richmond,Jereme Richmond,SF,78.0,6' 6'',79.25,6' 7.25'',207.2,82.25,6' 10.25'',106.5,8' 10.5'',5.5,8.75,9.5
,202729,Josh,Selby,Josh Selby,SG-PG,73.75,6' 1.75'',75.0,6' 3'',194.6,77.25,6' 5.25'',98.0,8' 2'',7.9,8.5,9.0
,202697,Iman,Shumpert,Iman Shumpert,PG-SG,76.25,6' 4.25'',77.5,6' 5.5'',221.8,81.5,6' 9.5'',99.5,8' 3.5'',6.5,9.0,9.0
,202713,Kyle,Singler,Kyle Singler,SF,79.5,6' 7.5'',80.5,6' 8.5'',228,82.1,6' 10.1'',106.0,8' 10'',10.0,8.25,8.75
,202698,Chris,Singleton,Chris Singleton,SF,79.75,6' 7.75'',81.0,6' 9'',230.2,85.0,7' 1'',103.5,8' 7.5'',7.4,9.25,10.0
,12441,Jamie,Skeen,Jamie Skeen,PF,78.5,6' 6.5'',80.0,6' 8'',241.6,85.25,7' 1.25'',106.5,8' 10.5'',9.8,8.5,8.5
,12442,Gregory,Smith,Gregory Smith,PF-C,80.0,6' 8'',81.25,6' 9.25'',252.8,86.5,7' 2.5'',106.5,8' 10.5'',7.4,9.75,12.0
,202701,Nolan,Smith,Nolan Smith,PG,73.5,6' 1.5'',75.5,6' 3.5'',187.6,77.5,6' 5.5'',99.0,8' 3'',5.6,8.5,9.25
,202738,Isaiah,Thomas,Isaiah Thomas,PG,68.75,5' 8.75'',70.25,5' 10.25'',186,73.75,6' 1.75'',91.5,7' 7.5'',6.7,8.25,9.0
,12445,Malcolm,Thomas,Malcolm Thomas,PF,79.5,6' 7.5'',80.75,6' 8.75'',223,84.5,7' 0.5'',107.5,8' 11.5'',5.9,9.5,10.5
,202717,Trey,Thompkins,Trey Thompkins,PF,80.5,6' 8.5'',81.75,6' 9.75'',239,85.0,7' 1'',107.5,8' 11.5'',15.5,9.25,9.75
,202691,Klay,Thompson,Klay Thompson,SG,77.75,6' 5.75'',79.25,6' 7.25'',205.6,81.0,6' 9'',103.5,8' 7.5'',8.0,8.75,9.25
,202684,Tristan,Thompson,Tristan Thompson,PF,79.5,6' 7.5'',80.75,6' 8.75'',227.4,85.25,7' 1.25'',108.5,9' 0.5'',6.2,8.75,9.25
,202719,Jeremy,Tyler,Jeremy Tyler,PF-C,81.0,6' 9'',82.5,6' 10.5'',262.4,89.0,7' 5'',110.5,9' 2.5'',13.4,9.25,9.0
,202696,Nikola,Vucevic,Nikola Vucevic,PF-C,82.25,6' 10.25'',83.75,6' 11.75'',259.8,88.5,7' 4.5'',112.5,9' 4.5'',6.1,9.25,10.25
,202689,Kemba,Walker,Kemba Walker,PG,71.5,5' 11.5'',73.0,6' 1'',184,75.5,6' 3.5'',91.5,7' 7.5'',5.9,8.0,9.0
,202682,Derrick,Williams,Derrick Williams,PF-SF,79.25,6' 7.25'',80.75,6' 8.75'',248.4,85.5,7' 1.5'',108.0,9' 0'',10.8,9.0,9.75
,202716,Jordan,Williams,Jordan Williams,PF,79.75,6' 7.75'',81.0,6' 9'',247.2,84.25,7' 0.25'',106.5,8' 10.5'',12.1,9.25,10.0
,203112,Quincy,Acy,Quincy Acy,PF,78.5,6' 6.5'',79.75,6' 7.75'',223.8,86.75,7' 2.75'',106.5,8' 10.5'',7.1,9.5,11.0
,203084,Harrison,Barnes,Harrison Barnes,SF-SG,79.0,6' 7'',80.0,6' 8'',227.8,83.25,6' 11.25'',101.5,8' 5.5'',9.6,9.0,8.5
,203115,Will,Barton,Will Barton,SG-SF,77.0,6' 5'',78.0,6' 6'',174.4,81.75,6' 9.75'',102.5,8' 6.5'',4.1,9.0,9.5
,203078,Bradley,Beal,Bradley Beal,SG,75.25,6' 3.25'',76.75,6' 4.75'',201.8,80.0,6' 8'',100.0,8' 4'',6.0,8.5,9.0
,12458,J'Covan,Brown,J'Covan Brown,PG,73.0,6' 1'',74.25,6' 2.25'',202.4,77.25,6' 5.25'',96.0,8' 0'',12.5,7.75,8.25
,203733,William,Buford,William Buford,SG-SF,76.0,6' 4'',77.0,6' 5'',214.6,81.5,6' 9.5'',102.0,8' 6'',11.3,8.75,10.0
,203109,Jae,Crowder,Jae Crowder,SF,76.75,6' 4.75'',78.5,6' 6.5'',241.2,81.25,6' 9.25'',99.5,8' 3.5'',9.0,9.5,10.5
,203099,Jared,Cunningham,Jared Cunningham,SG-PG,75.5,6' 3.5'',77.0,6' 5'',187.6,78.5,6' 6.5'',98.0,8' 2'',3.6,8.25,9.0
,203076,Anthony,Davis,Anthony Davis,PF-C,81.25,6' 9.25'',82.5,6' 10.5'',221.8,89.5,7' 5.5'',108.0,9' 0'',7.9,9.0,8.5
,203134,Marcus,Denmon,Marcus Denmon,SG,74.25,6' 2.25'',75.25,6' 3.25'',188.2,77.0,6' 5'',94.5,7' 10.5'',6.6,8.25,9.75
,203083,Andre,Drummond,Andre Drummond,C,81.75,6' 9.75'',83.75,6' 11.75'',278.6,90.25,7' 6.25'',109.5,9' 1.5'',7.5,9.5,9.5
,203119,Kim,English,Kim English,SG,76.5,6' 4.5'',77.75,6' 5.75'',192,78.5,6' 6.5'',98.0,8' 2'',4.3,8.5,8.75
,203105,Festus,Ezeli,Festus Ezeli,C-PF,81.75,6' 9.75'',83.5,6' 11.5'',264.2,89.75,7' 5.75'',108.0,9' 0'',5.5,9.0,10.75
,12467,Drew,Gordon,Drew Gordon,PF,80.0,6' 8'',80.75,6' 8.75'',239,83.5,6' 11.5'',103.5,8' 7.5'',9.1,8.5,9.75
,203110,Draymond,Green,Draymond Green,PF-SF,77.75,6' 5.75'',79.5,6' 7.5'',235.6,85.25,7' 1.25'',105.0,8' 9'',11.3,9.0,9.5
,203254,JaMychal,Green,JaMychal Green,PF,80.0,6' 8'',81.0,6' 9'',217.4,86.25,7' 2.25'',106.5,8' 10.5'',9.8,9.25,9.25
,203090,Maurice,Harkless,Maurice Harkless,SF,79.25,6' 7.25'',80.75,6' 8.75'',206.6,84.0,7' 0'',102.5,8' 6.5'',5.3,9.25,10.25
,203089,John,Henson,John Henson,PF,81.0,6' 9'',82.5,6' 10.5'',216,89.0,7' 5'',112.0,9' 4'',8.6,9.25,10.0
,203189,Tu,Holloway,Tu Holloway,PG,70.5,5' 10.5'',71.75,5' 11.75'',186.8,77.5,6' 5.5'',94.5,7' 10.5'',8.5,8.75,10.0
,203133,Robbie,Hummel,Robbie Hummel,SF,79.25,6' 7.25'',80.5,6' 8.5'',218,80.5,6' 8.5'',102.0,8' 6'',9.4,8.5,9.5
,203108,Bernard,James,Bernard James,PF,80.75,6' 8.75'',82.0,6' 10'',229.8,87.0,7' 3'',108.5,9' 0.5'',5.0,9.0,9.25
,203098,John,Jenkins,John Jenkins,SG,75.25,6' 3.25'',76.25,6' 4.25'',212,80.5,6' 8.5'',98.0,8' 2'',7.1,9.0,9.0
,203111,Orlando,Johnson,Orlando Johnson,SG,75.75,6' 3.75'',77.25,6' 5.25'',223.8,83.25,6' 11.25'',99.0,8' 3'',7.0,9.0,9.5
,203130,Darius,Johnson-Odom,Darius Johnson-Odom,SG,73.5,6' 1.5'',75.0,6' 3'',212,79.0,6' 7'',96.0,8' 0'',7.0,8.75,8.75
,203103,Perry,Jones,Perry Jones,PF-SF,82.25,6' 10.25'',83.25,6' 11.25'',233.8,85.75,7' 1.75'',107.0,8' 11'',4.6,9.25,9.5
,203093,Terrence,Jones,Terrence Jones,PF-SF,80.25,6' 8.25'',81.5,6' 9.5'',252,86.25,7' 2.25'',107.0,8' 11'',7.7,9.0,10.0
,203158,Kevin,Jones,Kevin Jones,PF,78.25,6' 6.25'',79.5,6' 7.5'',251.2,85.5,7' 1.5'',105.0,8' 9'',11.2,9.0,7.75
,203126,Kris,Joseph,Kris Joseph,SG,78.0,6' 6'',79.0,6' 7'',215,83.0,6' 11'',104.0,8' 8'',8.6,9.0,9.0
,203077,Michael,Kidd-Gilchrist,Michael Kidd-Gilchrist,SF,77.75,6' 5.75'',79.5,6' 7.5'',232.8,84.0,7' 0'',104.5,8' 8.5'',7.0,9.0,10.25
,203117,Doron,Lamb,Doron Lamb,SG-PG,75.25,6' 3.25'',76.75,6' 4.75'',199.4,78.75,6' 6.75'',98.5,8' 2.5'',6.7,8.5,8.75
,203087,Jeremy,Lamb,Jeremy Lamb,SG,76.0,6' 4'',77.25,6' 5.25'',179.2,83.0,6' 11'',102.0,8' 6'',4.5,8.75,9.25
,203086,Meyers,Leonard,Meyers Leonard,C,83.75,6' 11.75'',85.25,7' 1.25'',249.8,87.0,7' 3'',108.0,9' 0'',5.7,9.25,11.0
,203081,Damian,Lillard,Damian Lillard,PG,73.75,6' 1.75'',74.75,6' 2.75'',188.8,79.75,6' 7.75'',95.5,7' 11.5'',5.9,8.75,9.75
,203159,Scott,Machado,Scott Machado,PG,73.0,6' 1'',74.0,6' 2'',205.8,76.0,6' 4'',94.5,7' 10.5'',5.8,8.5,9.5
,203088,Kendall,Marshall,Kendall Marshall,PG,75.25,6' 3.25'',76.25,6' 4.25'',198.4,77.5,6' 5.5'',96.0,8' 0'',7.8,8.5,9.0
,203097,Fab,Melo,Fab Melo,C,82.75,6' 10.75'',84.0,7' 0'',255,86.5,7' 2.5'',110.0,9' 2'',9.2,9.0,10.0
,203114,Khris,Middleton,Khris Middleton,SF,78.75,6' 6.75'',80.25,6' 8.25'',216.2,82.75,6' 10.75'',103.0,8' 7'',7.8,9.0,9.0
,203121,Darius,Miller,Darius Miller,SF-SG,78.0,6' 6'',79.5,6' 7.5'',233.4,81.0,6' 9'',101.0,8' 5'',7.5,8.5,8.75
,203113,Quincy,Miller,Quincy Miller,SF,80.75,6' 8.75'',82.0,6' 10'',218.7,85.25,7' 1.25'',105.0,8' 9'',7.8,9.25,10.25
,203183,Tony,Mitchell,Tony Mitchell,SG,77.25,6' 5.25'',78.25,6' 6.25'',216.4,82.0,6' 10'',100.0,8' 4'',5.7,8.5,10.0
,203102,Arnett,Moultrie,Arnett Moultrie,PF,81.5,6' 9.5'',82.75,6' 10.75'',232.8,86.25,7' 2.25'',106.5,8' 10.5'',7.7,9.25,9.25
,203122,Kevin,Murphy,Kevin Murphy,SG,77.0,6' 5'',78.25,6' 6.25'',194,78.75,6' 6.75'',99.0,8' 3'',5.8,8.5,8.5
,203094,Andrew,Nicholson,Andrew Nicholson,PF,80.5,6' 8.5'',81.5,6' 9.5'',234,88.0,7' 4'',107.0,8' 11'',7.6,10.0,10.75
,203124,Kyle,O'Quinn,Kyle O'Quinn,PF,80.5,6' 8.5'',82.0,6' 10'',240.8,88.75,7' 4.75'',106.5,8' 10.5'',8.0,9.5,10.0
,203101,Miles,Plumlee,Miles Plumlee,PF-C,82.5,6' 10.5'',83.75,6' 11.75'',252.4,84.75,7' 0.75'',105.5,8' 9.5'',11.4,9.25,9.0
,203085,Austin,Rivers,Austin Rivers,SG-PG,75.5,6' 3.5'',77.0,6' 5'',202.8,79.25,6' 7.25'',96.5,8' 0.5'',6.2,8.5,10.0
,203080,Thomas,Robinson,Thomas Robinson,PF,79.75,6' 7.75'',80.75,6' 8.75'',244.2,87.25,7' 3.25'',106.0,8' 10'',5.0,9.75,10.5
,203082,Terrence,Ross,Terrence Ross,SG-SF,78.0,6' 6'',79.0,6' 7'',196.6,79.25,6' 7.25'',100.5,8' 4.5'',3.2,8.75,10.25
,203107,Tomas,Satoransky,Tomas Satoransky,PG-SG,78.5,6' 6.5'',79.5,6' 7.5'',200.6,79.25,6' 7.25'',100.0,8' 4'',5.2,8.5,9.5
,203118,Mike,Scott,Mike Scott,PF,79.25,6' 7.25'',80.75,6' 8.75'',240.8,82.75,6' 10.75'',104.0,8' 8'',10.6,8.5,9.0
,203156,Henry,Sims,Henry Sims,C-PF,82.0,6' 10'',83.75,6' 11.75'',241.2,88.0,7' 4'',108.0,9' 0'',7.7,9.25,10.0
,203096,Jared,Sullinger,Jared Sullinger,PF,79.75,6' 7.75'',81.0,6' 9'',268.2,85.25,7' 1.25'',105.5,8' 9.5'',10.7,9.25,9.75
,203106,Jeff,Taylor,Jeff Taylor,SF-SG,78.0,6' 6'',79.25,6' 7.25'',212.8,78.25,6' 6.25'',101.5,8' 5.5'',4.2,8.25,9.75
,12507,Jordan,Taylor,Jordan Taylor,PG,73.0,6' 1'',74.0,6' 2'',192.8,75.0,6' 3'',92.5,7' 8.5'',5.5,8.25,9.5
,203116,Tyshawn,Taylor,Tyshawn Taylor,PG,74.75,6' 2.75'',76.0,6' 4'',177,78.25,6' 6.25'',97.5,8' 1.5'',4.2,8.75,8.75
,203104,Marquis,Teague,Marquis Teague,PG,73.0,6' 1'',74.0,6' 2'',179.8,79.25,6' 7.25'',96.5,8' 0.5'',6.3,8.25,7.75
,203138,Hollis,Thompson,Hollis Thompson,SF,78.75,6' 6.75'',80.0,6' 8'',206,81.5,6' 9.5'',102.5,8' 6.5'',6.0,8.25,9.75
,203079,Dion,Waiters,Dion Waiters,SG,74.5,6' 2.5'',76.0,6' 4'',221,79.25,6' 7.25'',98.0,8' 2'',8.5,8.5,9.5
,203091,Royce,White,Royce White,PF,79.0,6' 7'',80.0,6' 8'',260.6,84.0,7' 0'',104.5,8' 8.5'',10.6,9.5,11.5
,203100,Tony,Wroten,Tony Wroten,PG,76.75,6' 4.75'',78.0,6' 6'',203.2,81.0,6' 9'',101.0,8' 5'',5.2,8.0,9.0
,203092,Tyler,Zeller,Tyler Zeller,PF-C,83.25,6' 11.25'',84.5,7' 0.5'',247.4,84.0,7' 0'',104.5,8' 8.5'',6.4,9.0,9.75
,203500,Steven,Adams,Steven Adams,C,82.75,6' 10.75'',84.0,7' 0'',254.5,88.5,7' 4.5'',109.5,9' 1.5'',6.65,9.5,11.0
,203505,Vander,Blue,Vander Blue,SG,75.5,6' 3.5'',77.25,6' 5.25'',197.4,78.0,6' 6'',100.5,8' 4.5'',4.6,8.5,9.5
,203485,Lorenzo,Brown,Lorenzo Brown,PG,76.0,6' 4'',77.25,6' 5.25'',189.2,79.0,6' 7'',100.0,8' 4'',3.95,8.25,8.5
,203493,Reggie,Bullock,Reggie Bullock,SG-SF,77.75,6' 5.75'',79.0,6' 7'',199.8,80.75,6' 8.75'',102.0,8' 6'',6.95,8.5,9.0
,203504,Trey,Burke,Trey Burke,PG,71.75,5' 11.75'',73.25,6' 1.25'',187,77.5,6' 5.5'',97.5,8' 1.5'',6.9,8.25,8.75
,203484,Kentavious,Caldwell-Pope,Kentavious Caldwell-Pope,SG,76.5,6' 4.5'',77.5,6' 5.5'',203.6,80.0,6' 8'',100.5,8' 4.5'',6.45,8.5,9.0
,203477,Isaiah,Canaan,Isaiah Canaan,PG,71.0,5' 11'',72.0,6' 0'',188.4,76.5,6' 4.5'',94.5,7' 10.5'',5.9,8.25,9.5
,203478,Jackie,Carmichael,Jackie Carmichael,PF,79.5,6' 7.5'',81.0,6' 9'',241.2,85.5,7' 1.5'',107.0,8' 11'',5.8,9.0,10.25
,203487,Michael,Carter-Williams,Michael Carter-Williams,PG,76.75,6' 4.75'',77.75,6' 5.75'',184.4,79.25,6' 7.25'',101.0,8' 5'',4.4,7.5,8.5
,12524,Will,Clyburn,Will Clyburn,SF-SG,77.75,6' 5.75'',79.0,6' 7'',210.4,84.25,7' 0.25'',105.0,8' 9'',6.85,9.25,10.25
,203496,Robert,Covington,Robert Covington,SF-PF,78.25,6' 6.25'',79.5,6' 7.5'',208.6,85.75,7' 1.75'',106.0,8' 10'',4.7,9.0,8.5
,203459,Allen,Crabbe,Allen Crabbe,SG,77.25,6' 5.25'',78.25,6' 6.25'',197.4,83.25,6' 11.25'',103.5,8' 7.5'',4.65,8.25,8.5
,203552,Seth,Curry,Seth Curry,SG,73.0,6' 1'',75.0,6' 3'',179.2,76.0,6' 4'',97.5,8' 1.5'',9.6,8.0,8.25
,203561,Brandon,Davies,Brandon Davies,PF,80.5,6' 8.5'',82.25,6' 10.25'',241.8,85.5,7' 1.5'',108.5,9' 0.5'',8.6,9.0,11.0
,203473,Dewayne,Dedmon,Dewayne Dedmon,C,82.0,6' 10'',83.5,6' 11.5'',238.8,88.0,7' 4'',109.0,9' 1'',8.35,9.0,11.0
,203476,Gorgui,Dieng,Gorgui Dieng,C,81.75,6' 9.75'',82.75,6' 10.75'',229.6,87.5,7' 3.5'',111.5,9' 3.5'',5.35,9.0,10.0
,203516,James,Ennis,James Ennis,SF,77.75,6' 5.75'',79.0,6' 7'',200.8,83.5,6' 11.5'',104.5,8' 8.5'',4.5,8.5,8.75
,203467,Carrick,Felix,Carrick Felix,SF-SG,76.75,6' 4.75'',78.25,6' 6.25'',202.6,81.25,6' 9.25'',103.5,8' 7.5'',3.3,8.5,9.5
,203479,Jamaal,Franklin,Jamaal Franklin,SG-SF,76.0,6' 4'',77.25,6' 5.25'',190.8,83.25,6' 11.25'',103.5,8' 7.5'',8.25,8.5,8.25
,203497,Rudy,Gobert,Rudy Gobert,C,84.5,7' 0.5'',86.0,7' 2'',237.6,92.5,7' 8.5'',115.0,9' 7'',4.4,9.75,10.0
,203462,Archie,Goodwin,Archie Goodwin,SG,75.75,6' 3.75'',77.25,6' 5.25'',189,81.5,6' 9.5'',102.0,8' 6'',4.55,8.5,9.0
,203475,Erick,Green,Erick Green,PG,73.5,6' 1.5'',75.0,6' 3'',178.2,77.75,6' 5.75'',98.0,8' 2'',4.35,8.5,9.0
,203501,Tim,Hardaway Jr.,Tim Hardaway Jr.,SG,76.5,6' 4.5'',78.25,6' 6.25'',199.4,79.0,6' 7'',101.0,8' 5'',6.05,8.0,9.25
,203524,Solomon,Hill,Solomon Hill,SF,77.5,6' 5.5'',79.0,6' 7'',226,81.0,6' 9'',103.0,8' 7'',7.6,9.0,10.5
,203494,Richard,Howell,Richard Howell,PF,78.25,6' 6.25'',79.5,6' 7.5'',249.6,82.25,6' 10.25'',105.5,8' 9.5'',8.75,8.75,9.5
,203470,Colton,Iverson,Colton Iverson,C,82.5,6' 10.5'',84.0,7' 0'',262.8,86.0,7' 2'',110.0,9' 2'',9.6,9.25,9.5
,203510,Pierre,Jackson,Pierre Jackson,PG,69.5,5' 9.5'',70.5,5' 10.5'',176,70.0,5' 10'',90.0,7' 6'',4.5,7.5,8.25
,203511,Grant,Jerrett,Grant Jerrett,PF,80.75,6' 8.75'',82.25,6' 10.25'',232,86.0,7' 2'',109.0,9' 1'',10.05,8.5,9.25
,203509,Myck,Kabongo,Myck Kabongo,PG,73.25,6' 1.25'',74.75,6' 2.75'',180.4,78.25,6' 6.25'',98.0,8' 2'',6.0,8.25,9.0
,203483,Kenny,Kadji,Kenny Kadji,PF-C,80.75,6' 8.75'',82.0,6' 10'',241.6,87.0,7' 3'',106.5,8' 10.5'',7.45,9.0,10.25
,203527,Ryan,Kelly,Ryan Kelly,PF,81.75,6' 9.75'',83.75,6' 11.75'',228,83.5,6' 11.5'',110.0,9' 2'',14.75,9.0,10.0
,203499,Shane,Larkin,Shane Larkin,PG,70.25,5' 10.25'',71.5,5' 11.5'',170.8,70.75,5' 10.75'',89.5,7' 5.5'',3.8,7.5,8.75
,203495,Ricky,Ledo,Ricky Ledo,SG,76.75,6' 4.75'',78.0,6' 6'',197.2,79.25,6' 7.25'',102.5,8' 6.5'',10.25,8.5,9.25
,203458,Alex,Len,Alex Len,C,,,,,,87.5,7' 3.5'',,,6.4,9.0,10.75
,203466,CJ,Leslie,CJ Leslie,PF-SF,79.5,6' 7.5'',80.75,6' 8.75'',209.2,86.25,7' 2.25'',104.5,8' 8.5'',7.95,8.75,9.0
,203522,Trevor,Mbakwe,Trevor Mbakwe,PF,78.75,6' 6.75'',80.0,6' 8'',235.8,88.0,7' 4'',106.5,8' 10.5'',5.9,9.5,11.5
,203492,Ray,McCallum,Ray McCallum,PG,72.25,6' 0.25'',73.75,6' 1.75'',191.4,75.25,6' 3.25'',96.5,8' 0.5'',7.3,8.0,8.75
,203468,CJ,McCollum,CJ McCollum,PG-SG,74.25,6' 2.25'',75.25,6' 3.25'',197,78.25,6' 6.25'',96.5,8' 0.5'',8.6,8.0,9.5
,203463,Ben,McLemore,Ben McLemore,SG,75.5,6' 3.5'',76.75,6' 4.75'',189.2,79.75,6' 7.75'',100.5,8' 4.5'',5.0,8.75,9.5
,203502,Tony,Mitchell,Tony Mitchell,PF-SF,79.5,6' 7.5'',80.75,6' 8.75'',236.4,86.5,7' 2.5'',106.5,8' 10.5'',5.55,9.0,10.0
,203498,Shabazz,Muhammad,Shabazz Muhammad,SF-SG,76.75,6' 4.75'',78.25,6' 6.25'',221.8,83.0,6' 11'',104.5,8' 8.5'',9.0,9.0,10.0
,203513,Erik,Murphy,Erik Murphy,PF,80.75,6' 8.75'',81.5,6' 9.5'',239.8,82.5,6' 10.5'',108.0,9' 0'',7.95,8.75,9.75
,203488,Mike,Muscala,Mike Muscala,C-PF,82.25,6' 10.25'',83.5,6' 11.5'',230.2,85.0,7' 1'',108.0,9' 0'',6.8,8.5,9.0
,203457,Nerlens,Noel,Nerlens Noel,C,82.0,6' 10'',83.75,6' 11.75'',206.4,87.75,7' 3.75'',110.0,9' 2'',4.15,9.5,10.0
,203506,Victor,Oladipo,Victor Oladipo,SG,75.25,6' 3.25'',76.25,6' 4.25'',213.2,81.25,6' 9.25'',100.5,8' 4.5'',6.55,8.75,9.25
,203482,Kelly,Olynyk,Kelly Olynyk,PF-C,82.75,6' 10.75'',84.0,7' 0'',234,81.75,6' 9.75'',108.0,9' 0'',6.65,8.5,10.0
,203464,Brandon,Paul,Brandon Paul,SG,74.75,6' 2.75'',76.0,6' 4'',201,82.25,6' 10.25'',98.0,8' 2'',5.25,8.5,9.5
,203658,Norvel,Pelle,Norvel Pelle,PF-C,81.5,6' 9.5'',82.5,6' 10.5'',207.2,86.5,7' 2.5'',109.0,9' 1'',5.15,8.75,9.5
,203486,Mason,Plumlee,Mason Plumlee,C-PF,83.25,6' 11.25'',84.5,7' 0.5'',238.2,83.0,6' 11'',108.0,9' 0'',6.15,9.75,9.5
,203490,Otto,Porter,Otto Porter,SF,79.5,6' 7.5'',80.5,6' 8.5'',197.6,85.5,7' 1.5'',105.5,8' 9.5'',6.65,8.75,9.25
,203515,Phil,Pressey,Phil Pressey,PG,69.5,5' 9.5'',71.5,5' 11.5'',177,74.25,6' 2.25'',92.0,7' 8'',4.7,7.75,9.75
,203318,Glen,Rice,Glen Rice,SF-SG,76.5,6' 4.5'',77.75,6' 5.75'',210.8,81.25,6' 9.25'',101.5,8' 5.5'',8.45,8.5,9.0
,203460,Andre,Roberson,Andre Roberson,PF-SF,78.25,6' 6.25'',79.0,6' 7'',205.8,83.0,6' 11'',104.5,8' 8.5'',7.05,8.75,9.5
,203471,Dennis,Schroder,Dennis Schroder,PG,73.0,6' 1'',74.0,6' 2'',164.8,79.75,6' 7.75'',98.0,8' 2'',4.1,8.75,10.5
,203491,Peyton,Siva,Peyton Siva,PG,71.5,5' 11.5'',73.0,6' 1'',180.6,75.0,6' 3'',93.0,7' 9'',6.05,8.0,9.75
,203503,Tony,Snell,Tony Snell,SF-SG,78.0,6' 6'',79.25,6' 7.25'',198.2,83.5,6' 11.5'',105.5,8' 9.5'',4.85,9.0,9.5
,203480,James,Southerland,James Southerland,SF-PF,79.0,6' 7'',80.0,6' 8'',220.6,85.0,7' 1'',106.0,8' 10'',8.05,8.0,9.5
,203519,Adonis,Thomas,Adonis Thomas,SF,76.75,6' 4.75'',77.75,6' 5.75'',231.8,85.0,7' 1'',99.0,8' 3'',7.5,9.25,9.5
,203472,Deshaun,Thomas,Deshaun Thomas,SF,77.0,6' 5'',79.0,6' 7'',219.8,82.0,6' 10'',104.0,8' 8'',9.1,8.0,8.75
,203481,Jeff,Withey,Jeff Withey,C,82.75,6' 10.75'',84.5,7' 0.5'',221.8,86.0,7' 2'',110.5,9' 2.5'',8.65,9.0,9.75
,203489,Nate,Wolters,Nate Wolters,PG,75.5,6' 3.5'',76.75,6' 4.75'',196.4,75.75,6' 3.75'',98.0,8' 2'',5.5,8.25,8.75
,203523,BJ,Young,BJ Young,SG-PG,74.25,6' 2.25'',75.5,6' 3.5'',178.8,80.25,6' 8.25'',99.0,8' 3'',4.7,8.5,9.5
,203469,Cody,Zeller,Cody Zeller,C-PF,82.75,6' 10.75'',84.25,7' 0.25'',230,82.75,6' 10.75'',106.0,8' 10'',4.75,8.5,10.5
14000,,Jordan,Adams,Jordan Adams,SG,75.5,6' 3.5'',76.75,6' 4.75'',208.8,82.0,6' 10'',102.0,8' 6'',10.8,8.5,7.5
14001,,Kyle,Anderson,Kyle Anderson,SF,79.5,6' 7.5'',80.5,6' 8.5'',230.1,86.75,7' 2.75'',107.5,8' 11.5'',13.35,8.25,8.75
14002,,Thanasis,Antetokounmpo,Thanasis Antetokounmpo,SF,77.25,6' 5.25'',78.25,6' 6.25'',205.2,84.0,7' 0'',104.5,8' 8.5'',6.05,9.0,9.75
14003,,Isaiah,Austin,Isaiah Austin,PF,83.5,6' 11.5'',84.5,7' 0.5'',219.5,88.5,7' 4.5'',112.5,9' 4.5'',7.5,8.75,8.75
14004,,Jordan,Bachynski,Jordan Bachynski,PF,85.25,7' 1.25'',86.0,7' 2'',254.1,88.0,7' 4'',108.5,9' 0.5'',7.45,9.25,10.0
14005,,Cameron,Bairstow,Cameron Bairstow,PF,80.75,6' 8.75'',81.75,6' 9.75'',252.4,84.75,7' 0.75'',107.0,8' 11'',8.7,8.75,9.0
14006,,Khem,Birch,Khem Birch,PF,79.5,6' 7.5'',81.25,6' 9.25'',208.8,85.0,7' 1'',107.0,8' 11'',6.0,9.0,8.5
14007,,Jabari,Brown,Jabari Brown,SG,75.0,6' 3'',76.25,6' 4.25'',201.9,80.25,6' 8.25'',100.0,8' 4'',6.05,9.0,9.25
14008,,Markel,Brown,Markel Brown,SG,74.5,6' 2.5'',75.5,6' 3.5'',184.4,80.75,6' 8.75'',100.0,8' 4'',4.2,8.25,9.75
14062,,Alec,Brown,Alec Brown,PF,84.25,7' 0.25'',85.25,7' 1.25'',231.2,85.5,7' 1.5'',109.0,9' 1'',7.7,9.25,8.75
14009,,Deonte,Burton,Deonte Burton,PG,72.0,6' 0'',73.25,6' 1.25'',192.8,79.0,6' 7'',97.5,8' 1.5'',7.65,8.25,8.0
14010,,Jahii,Carson,Jahii Carson,PG,69.75,5' 9.75'',71.0,5' 11'',179.6,74.0,6' 2'',93.0,7' 9'',6.45,7.5,8.75
14011,,Semaj,Christon,Semaj Christon,PG,73.5,6' 1.5'',75.25,6' 3.25'',186,78.5,6' 6.5'',99.0,8' 3'',5.25,8.5,8.25
14012,,Jordan,Clarkson,Jordan Clarkson,PG,75.25,6' 3.25'',77.0,6' 5'',186.3,80.0,6' 8'',98.0,8' 2'',4.3,8.25,9.0
14013,,Aaron,Craft,Aaron Craft,PG,72.75,6' 0.75'',73.75,6' 1.75'',191.6,74.0,6' 2'',94.5,7' 10.5'',6.1,7.75,8.5
14014,,DeAndre,Daniels,DeAndre Daniels,SF,79.25,6' 7.25'',80.5,6' 8.5'',196,86.0,7' 2'',106.5,8' 10.5'',3.85,9.25,10.5
14015,,Spencer,Dinwiddie,Spencer Dinwiddie,PG,76.5,6' 4.5'',78.0,6' 6'',204.9,80.25,6' 8.25'',103.0,8' 7'',5.35,8.25,9.0
14016,,Cleanthony,Early,Cleanthony Early,SF,78.0,6' 6'',79.25,6' 7.25'',209.4,82.75,6' 10.75'',101.5,8' 5.5'',4.45,8.5,9.0
14017,,Melvin,Ejim,Melvin Ejim,SF,77.25,6' 5.25'',79.0,6' 7'',218.5,83.25,6' 11.25'',103.5,8' 7.5'',6.45,8.75,9.25
14019,,Tyler,Ennis,Tyler Ennis,PG,73.0,6' 1'',74.5,6' 2.5'',181.5,79.25,6' 7.25'',98.0,8' 2'',6.2,8.25,8.75
14020,,Dante,Exum,Dante Exum,SG,76.5,6' 4.5'',78.0,6' 6'',196.3,81.5,6' 9.5'',103.0,8' 7'',6.4,8.5,9.5
14021,,C.J.,Fair,C.J. Fair,SF,78.5,6' 6.5'',80.0,6' 8'',218.1,81.5,6' 9.5'',104.0,8' 8'',5.05,9.0,9.0
14022,,Aaron,Gordon,Aaron Gordon,PF,79.5,6' 7.5'',80.75,6' 8.75'',220.1,83.75,6' 11.75'',105.0,8' 9'',5.05,8.75,10.5
14023,,Jerami,Grant,Jerami Grant,SF,78.5,6' 6.5'',79.75,6' 7.75'',214,86.75,7' 2.75'',107.0,8' 11'',3.75,9.25,9.25
14024,,P.J.,Hairston,P.J. Hairston,SG,76.25,6' 4.25'',77.25,6' 5.25'',228.8,81.0,6' 9'',101.0,8' 5'',8.2,8.75,9.75
14025,,Gary,Harris,Gary Harris,SG,74.5,6' 2.5'',76.5,6' 4.5'',204.8,78.75,6' 6.75'',96.0,8' 0'',4.55,8.5,9.5
14026,,Joe,Harris,Joe Harris,SG,76.75,6' 4.75'',78.25,6' 6.25'',215,78.0,6' 6'',100.0,8' 4'',6.2,8.5,9.75
14027,,Rodney,Hood,Rodney Hood,SF,79.25,6' 7.25'',80.5,6' 8.5'',208.2,80.5,6' 8.5'',103.0,8' 7'',7.45,8.5,8.5
14028,,Cory,Jefferson,Cory Jefferson,PF,79.75,6' 7.75'',81.0,6' 9'',218.4,84.5,7' 0.5'',105.0,8' 9'',5.25,8.75,9.75
14029,,Nick,Johnson,Nick Johnson,SG,73.5,6' 1.5'',75.0,6' 3'',198,79.25,6' 7.25'',96.5,8' 0.5'',6.05,8.75,9.75
14030,,DeAndre,Kane,DeAndre Kane,PG,74.75,6' 2.75'',76.5,6' 4.5'',199.90,80.0,6' 8'',99.5,8' 3.5'',5.0,8.25,9.0
14031,,Sean,Kilpatrick,Sean Kilpatrick,SG,74.5,6' 2.5'',76.25,6' 4.25'',218.7,79.0,6' 7'',99.0,8' 3'',9.2,9.0,9.0
14032,,Alex,Kirk,Alex Kirk,PF,81.25,6' 9.25'',82.75,6' 10.75'',252,87.5,7' 3.5'',109.5,9' 1.5'',13.6,9.25,10.5
14033,,Zach,LaVine,Zach LaVine,PG,76.5,6' 4.5'',77.75,6' 5.75'',180.9,80.25,6' 8.25'',100.0,8' 4'',4.7,8.25,8.75
14034,,Devyn,Marble,Devyn Marble,SG,77.0,6' 5'',78.5,6' 6.5'',192.4,81.0,6' 9'',102.0,8' 6'',6.9,8.25,8.5
14039,,James,McAdoo,James McAdoo,PF,79.5,6' 7.5'',80.75,6' 8.75'',227.6,86.25,7' 2.25'',106.5,8' 10.5'',6.15,9.25,9.0
14035,,K.J.,McDaniels,K.J. McDaniels,SF,76.5,6' 4.5'',78.0,6' 6'',195.6,83.25,6' 11.25'',102.0,8' 6'',4.45,8.75,9.75
14036,,Doug,McDermott,Doug McDermott,SF,78.25,6' 6.25'',79.75,6' 7.75'',218,81.25,6' 9.25'',103.0,8' 7'',7.1,8.75,9.75
14038,,Jordan,McRae,Jordan McRae,SG,75.75,6' 3.75'',77.25,6' 5.25'',179.4,84.5,7' 0.5'',104.0,8' 8'',5.2,8.75,8.5
14040,,Shabazz,Napier,Shabazz Napier,PG,71.0,5' 11'',73.0,6' 1'',175.2,75.25,6' 3.25'',93.0,7' 9'',7.35,8.25,8.5
14041,,Johnny,O?Bryant III,Johnny O?Bryant III,PF,79.25,6' 7.25'',80.5,6' 8.5'',256.8,86.25,7' 2.25'',105.0,8' 9'',10.75,9.25,9.5
14043,,Lamar,Patterson,Lamar Patterson,SG,76.0,6' 4'',77.25,6' 5.25'',226,83.0,6' 11'',101.0,8' 5'',10.75,9.0,9.25
14044,,Adreian,Payne,Adreian Payne,PF,81.0,6' 9'',81.75,6' 9.75'',238.5,88.0,7' 4'',109.0,9' 1'',7.55,9.25,9.5
14045,,Elfrid,Payton,Elfrid Payton,PG,74.5,6' 2.5'',75.75,6' 3.75'',185.4,80.0,6' 8'',98.5,8' 2.5'',5.65,8.75,9.0
14046,,Dwight,Powell,Dwight Powell,PF,81.5,6' 9.5'',83.0,6' 11'',234.4,84.5,7' 0.5'',105.0,8' 9'',6.2,9.0,9.25
14047,,Julius,Randle,Julius Randle,PF,79.75,6' 7.75'',81.0,6' 9'',249.7,84.0,7' 0'',105.5,8' 9.5'',9.4,8.75,8.25
14048,,Glenn,Robinson III,Glenn Robinson III,SF,77.5,6' 5.5'',78.75,6' 6.75'',211.4,82.0,6' 10'',100.5,8' 4.5'',5.05,9.0,9.5
14049,,LaQuinton,Ross,LaQuinton Ross,SF,78.5,6' 6.5'',79.5,6' 7.5'',238.7,85.75,7' 1.75'',106.0,8' 10'',16.3,8.75,9.75
14050,,Marcus,Smart,Marcus Smart,PG,74.0,6' 2'',75.25,6' 3.25'',227.2,81.25,6' 9.25'',99.0,8' 3'',10.55,9.0,8.75
14051,,Russ,Smith,Russ Smith,PG,71.5,5' 11.5'',72.75,6' 0.75'',160,75.5,6' 3.5'',95.0,7' 11'',3.5,8.25,8.5
14052,,Nik,Stauskas,Nik Stauskas,SG,77.25,6' 5.25'',78.5,6' 6.5'',206.9,79.75,6' 7.75'',102.0,8' 6'',12.05,8.5,8.5
14053,,Jarnell,Stokes,Jarnell Stokes,PF,79.0,6' 7'',80.5,6' 8.5'',262.8,85.25,7' 1.25'',103.5,8' 7.5'',8.2,9.75,10.5
14054,,Xavier,Thames,Xavier Thames,PG,74.25,6' 2.25'',75.5,6' 3.5'',187,76.0,6' 4'',96.0,8' 0'',6.4,8.25,9.0
14055,,Noah,Vonleh,Noah Vonleh,PF,80.0,6' 8'',81.5,6' 9.5'',247.1,88.25,7' 4.25'',108.0,9' 0'',7.3,9.75,11.75
14056,,T.J.,Warren,T.J. Warren,SF,79.0,6' 7'',80.25,6' 8.25'',220.2,82.25,6' 10.25'',104.0,8' 8'',7.95,8.75,9.0
14058,,C.J.,Wilcox,C.J. Wilcox,SG,75.5,6' 3.5'',77.0,6' 5'',201,81.75,6' 9.75'',100.5,8' 4.5'',6.5,8.75,9.0
14061,,Kendall,Williams,Kendall Williams,PG,74.25,6' 2.25'',75.75,6' 3.75'',183,77.5,6' 5.5'',99.0,8' 3'',7.2,8.0,7.75
14059,,James,Young,James Young,SG,77.25,6' 5.25'',78.75,6' 6.75'',213.3,84.0,7' 0'',104.0,8' 8'',5.1,9.0,9.5
14060,,Patric,Young,Patric Young,PF,80.5,6' 8.5'',82.0,6' 10'',246.8,85.75,7' 1.75'',103.5,8' 7.5'',5.45,9.25,9.5
15000,,Cliff,Alexander,Cliff Alexander,PF-C,79.25,6' 7.25'',80.5,6' 8.5'',239.2,87.5,7' 3.5'',109.5,9' 1.5'',5.8,9.5,10.25
15001,,Justin,Anderson,Justin Anderson,SF-SG,77.25,6' 5.25'',78.25,6' 6.25'',230.6,83.75,6' 11.75'',101.0,8' 5'',5.0,8.5,9.5
15002,,Brandon,Ashley,Brandon Ashley,PF,79.25,6' 7.25'',80.5,6' 8.5'',228,87.75,7' 3.75'',105.0,8' 9'',8.8,9.0,9.5
15003,,Ryan,Boatright,Ryan Boatright,PG,70.0,5' 10'',71.0,5' 11'',169.6,72.5,6' 0.5'',92.5,7' 8.5'',6.6,7.5,8.75
15004,,Devin,Booker,Devin Booker,SG,76.5,6' 4.5'',77.75,6' 5.75'',205.8,80.25,6' 8.25'',102.5,8' 6.5'',8.3,8.75,9.0
15005,,Anthony,Brown,Anthony Brown,SF-SG,77.75,6' 5.75'',79.25,6' 7.25'',211,83.0,6' 11'',104.5,8' 8.5'',6.1,8.5,9.0
15006,,Willie,Cauley-Stein,Willie Cauley-Stein,C,83.25,6' 11.25'',84.5,7' 0.5'',242.4,87.0,7' 3'',111.0,9' 3'',6.3,9.5,9.0
15007,,Rakeem,Christmas,Rakeem Christmas,PF-C,80.25,6' 8.25'',81.75,6' 9.75'',242.6,89.25,7' 5.25'',110.5,9' 2.5'',9.6,9.25,9.0
15008,,Pat,Connaughton,Pat Connaughton,SG,76.0,6' 4'',77.25,6' 5.25'',215,80.0,6' 8'',96.0,8' 0'',10.2,8.5,9.25
15009,,Quinn,Cook,Quinn Cook,PG,72.25,6' 0.25'',74.0,6' 2'',179,76.0,6' 4'',96.5,8' 0.5'',6.7,7.5,8.75
15010,,Branden,Dawson,Branden Dawson,PF,77.5,6' 5.5'',78.75,6' 6.75'',230.2,83.0,6' 11'',105.0,8' 9'',5.8,9.0,8.75
15012,,Sam,Dekker,Sam Dekker,SF,79.75,6' 7.75'',81.0,6' 9'',218.6,83.5,6' 11.5'',106.0,8' 10'',7.5,8.5,9.25
15013,,Michael,Frazier II,Michael Frazier II,SG,75.75,6' 3.75'',76.25,6' 4.25'',199.4,80.0,6' 8'',101.5,8' 5.5'',7.4,8.25,9.25
15014,,Treveon,Graham,Treveon Graham,SF,76.0,6' 4'',77.75,6' 5.75'',219.4,82.5,6' 10.5'',103.0,8' 7'',5.5,8.5,8.25
15015,,Jerian,Grant,Jerian Grant,PG,75.25,6' 3.25'',76.25,6' 4.25'',198,79.5,6' 7.5'',100.0,8' 4'',5.6,8.25,8.5
15016,,Olivier,Hanlan,Olivier Hanlan,PG-SG,75.25,6' 3.25'',76.25,6' 4.25'',185.8,78.0,6' 6'',100.0,8' 4'',4.3,8.0,8.75
15017,,Montrezl,Harrell,Montrezl Harrell,PF,79.0,6' 7'',79.5,6' 7.5'',253.4,88.25,7' 4.25'',109.0,9' 1'',11.9,9.0,9.75
15018,,Aaron,Harrison,Aaron Harrison,SG,76.5,6' 4.5'',78.0,6' 6'',209.2,80.25,6' 8.25'',100.5,8' 4.5'',6.0,8.75,10.0
15019,,Andrew,Harrison,Andrew Harrison,PG,76.5,6' 4.5'',77.5,6' 5.5'',213.2,81.0,6' 9'',100.0,8' 4'',5.9,8.25,9.25
15020,,Tyler,Harvey,Tyler Harvey,SG,74.75,6' 2.75'',76.0,6' 4'',181.4,77.5,6' 5.5'',98.5,8' 2.5'',9.2,7.75,8.75
15021,,Corey,Hawkins,Corey Hawkins,SG-PG,72.75,6' 0.75'',73.75,6' 1.75'',191.8,80.0,6' 8'',99.5,8' 3.5'',5.5,8.75,9.0
15022,,Rondae,Hollis-Jefferson,Rondae Hollis-Jefferson,SF,77.5,6' 5.5'',79.0,6' 7'',210.8,86.0,7' 2'',104.0,8' 8'',5.0,8.75,9.75
15023,,Jonathan,Holmes,Jonathan Holmes,PF-SF,80.25,6' 8.25'',81.25,6' 9.25'',242.2,83.5,6' 11.5'',107.5,8' 11.5'',7.2,8.25,9.5
15024,,Richaun,Holmes,Richaun Holmes,PF,80.25,6' 8.25'',81.5,6' 9.5'',242.8,85.5,7' 1.5'',108.0,9' 0'',8.8,8.5,8.5
15025,,R.J.,Hunter,R.J. Hunter,SG,76.5,6' 4.5'',78.0,6' 6'',185,82.5,6' 10.5'',104.0,8' 8'',6.0,8.5,8.25
15026,,Vince,Hunter,Vince Hunter,PF,78.75,6' 6.75'',79.5,6' 7.5'',208.4,83.0,6' 11'',104.5,8' 8.5'',4.6,9.0,8.75
15027,,Mouhammadou,Jaiteh,Mouhammadou Jaiteh,C-PF,81.5,6' 9.5'',82.5,6' 10.5'',246.8,87.25,7' 3.25'',110.5,9' 2.5'',9.9,9.0,9.25
15028,,Dakari,Johnson,Dakari Johnson,C,83.0,6' 11'',83.75,6' 11.75'',264.6,86.0,7' 2'',112.0,9' 4'',14.9,9.25,10.5
15029,,Stanley,Johnson,Stanley Johnson,SF,77.0,6' 5'',78.5,6' 6.5'',241.8,83.5,6' 11.5'',102.0,8' 6'',7.5,9.0,9.0
15030,,Tyus,Jones,Tyus Jones,PG,72.5,6' 0.5'',74.0,6' 2'',184.6,77.0,6' 5'',97.0,8' 1'',6.5,8.25,8.75
15031,,Frank,Kaminsky,Frank Kaminsky,C-PF,83.75,6' 11.75'',84.75,7' 0.75'',231.2,83.0,6' 11'',109.5,9' 1.5'',9.4,8.5,9.5
15032,,Kevon,Looney,Kevon Looney,PF,80.0,6' 8'',81.25,6' 9.25'',222.4,87.5,7' 3.5'',110.0,9' 2'',11.9,9.5,9.25
15033,,Trey,Lyles,Trey Lyles,PF,81.0,6' 9'',82.25,6' 10.25'',241.2,85.5,7' 1.5'',108.0,9' 0'',12.1,9.25,10.25
15034,,Jarell,Martin,Jarell Martin,PF,80.0,6' 8'',81.25,6' 9.25'',238.6,81.0,6' 9'',106.5,8' 10.5'',10.1,8.25,9.5
15035,,TJ,McConnell,TJ McConnell,PG,72.5,6' 0.5'',74.0,6' 2'',187.8,74.0,6' 2'',96.5,8' 0.5'',7.3,7.5,7.0
15036,,Chris,McCullough,Chris McCullough,PF,80.25,6' 8.25'',81.0,6' 9'',199,87.25,7' 3.25'',109.0,9' 1'',6.2,8.75,8.75
15037,,Jordan,Mickey,Jordan Mickey,PF,79.0,6' 7'',80.25,6' 8.25'',238,87.25,7' 3.25'',106.0,8' 10'',7.2,8.75,9.5
15038,,Larry,Nance,Larry Nance,PF,79.5,6' 7.5'',80.5,6' 8.5'',226.6,85.5,7' 1.5'',108.0,9' 0'',6.4,9.0,9.75
15039,,Kelly,Oubre,Kelly Oubre,SF-SG,77.75,6' 5.75'',78.75,6' 6.75'',202.8,86.25,7' 2.25'',102.5,8' 6.5'',5.7,9.0,8.75
15040,,Cameron,Payne,Cameron Payne,PG,72.75,6' 0.75'',73.5,6' 1.5'',182.8,79.25,6' 7.25'',97.5,8' 1.5'',6.3,8.5,8.25
15041,,Terran,Petteway,Terran Petteway,SG,76.75,6' 4.75'',78.0,6' 6'',209.2,83.25,6' 11.25'',104.5,8' 8.5'',4.9,8.25,8.25
15042,,Bobby,Portis,Bobby Portis,PF,81.5,6' 9.5'',82.5,6' 10.5'',246.2,86.0,7' 2'',108.5,9' 0.5'',8.9,9.5,9.25
15043,,Norman,Powell,Norman Powell,SG,75.0,6' 3'',76.25,6' 4.25'',215.4,82.75,6' 10.75'',102.5,8' 6.5'',6.4,9.25,9.0
15044,,Michael,Qualls,Michael Qualls,SG-SF,76.0,6' 4'',77.0,6' 5'',201.4,84.25,7' 0.25'',104.5,8' 8.5'',4.0,9.0,10.25
15045,,Chasson,Randle,Chasson Randle,PG,72.25,6' 0.25'',73.5,6' 1.5'',178.8,79.0,6' 7'',96.5,8' 0.5'',4.5,8.5,9.5
15046,,Terry,Rozier,Terry Rozier,PG-SG,72.5,6' 0.5'',74.25,6' 2.25'',190.2,80.25,6' 8.25'',98.5,8' 2.5'',5.6,8.25,8.5
15047,,D?Angelo,Russell,D?Angelo Russell,PG-SG,75.25,6' 3.25'',77.0,6' 5'',193.4,81.75,6' 9.75'',102.0,8' 6'',8.3,8.75,9.75
15048,,Keifer,Sykes,Keifer Sykes,PG,70.5,5' 10.5'',71.75,5' 11.75'',167.2,74.0,6' 2'',93.0,7' 9'',5.0,8.5,9.5
15049,,TaShawn,Thomas,TaShawn Thomas,PF,79.25,6' 7.25'',80.0,6' 8'',240.2,86.0,7' 2'',108.0,9' 0'',12.4,9.0,9.25
15050,,Marcus,Thornton,Marcus Thornton,PG-SG,73.75,6' 1.75'',74.75,6' 2.75'',177.4,79.75,6' 7.75'',97.5,8' 1.5'',5.3,8.25,8.5
15051,,J.P.,Tokoto,J.P. Tokoto,SF-SG,77.25,6' 5.25'',78.25,6' 6.25'',195.8,82.0,6' 10'',100.5,8' 4.5'',4.1,8.0,8.75
15052,,Myles,Turner,Myles Turner,C-PF,81.75,6' 9.75'',83.5,6' 11.5'',238.6,88.0,7' 4'',112.0,9' 4'',9.3,9.25,9.25
15053,,Robert,Upshaw,Robert Upshaw,C,82.75,6' 10.75'',84.0,7' 0'',258.2,89.5,7' 5.5'',113.0,9' 5'',12.5,10.0,11.0
15054,,Rashad,Vaughn,Rashad Vaughn,SG,75.75,6' 3.75'',77.0,6' 5'',198.6,79.0,6' 7'',101.0,8' 5'',6.2,8.0,8.5
15055,,Chris,Walker,Chris Walker,PF,80.75,6' 8.75'',81.25,6' 9.25'',208,86.75,7' 2.75'',108.0,9' 0'',5.1,9.0,9.0
15056,,Dez,Wells,Dez Wells,SG,75.0,6' 3'',76.0,6' 4'',208.8,81.5,6' 9.5'',100.5,8' 4.5'',8.1,8.75,9.75
15057,,Aaron,White,Aaron White,PF-SF,79.75,6' 7.75'',80.75,6' 8.75'',219.8,83.5,6' 11.5'',106.5,8' 10.5'',8.0,8.75,9.25
15058,,Alan,Williams,Alan Williams,PF,79.25,6' 7.25'',80.25,6' 8.25'',261.4,85.75,7' 1.75'',106.5,8' 10.5'',12.0,8.5,9.5
15059,,Justise,Winslow,Justise Winslow,SF,76.5,6' 4.5'',78.5,6' 6.5'',221.8,82.25,6' 10.25'',104.5,8' 8.5'',5.3,8.5,9.25
15060,,Christian,Wood,Christian Wood,PF,81.25,6' 9.25'',82.5,6' 10.5'',216,87.25,7' 3.25'',111.5,9' 3.5'',14.7,9.25,10.75
15061,,Delon,Wright,Delon Wright,PG,76.25,6' 4.25'',77.5,6' 5.5'',181.4,79.5,6' 7.5'',101.5,8' 5.5'',6.6,8.0,8.5
15062,,Joseph,Young,Joseph Young,SG-PG,72.75,6' 0.75'',74.0,6' 2'',182.2,77.0,6' 5'',94.5,7' 10.5'',4.1,8.75,7.5
15011,,George,de Paula,George de Paula,PG,76.5,6' 4.5'',77.5,6' 5.5'',197,84.0,7' 0'',104.0,8' 8'',6.7,9.5,10.5
16000,,Ron,Baker,Ron Baker,SG,75.25,6' 3.25'',76.25,6' 4.25'',212.4,81.75,6' 9.75'',97.5,8' 1.5'',7.85,8.75,9.5
16001,,Wade,Baldwin IV,Wade Baldwin IV,PG,74.5,6' 2.5'',76.0,6' 4'',201.8,83.25,6' 11.25'',100.0,8' 4'',5.2,9.0,9.75
16002,,Cat,Barber,Cat Barber,PG,73.5,6' 1.5'',74.75,6' 2.75'',173,77.5,6' 5.5'',95.5,7' 11.5'',4.5,8.0,8.5
16003,,Malik,Beasley,Malik Beasley,SG,75.5,6' 3.5'',76.5,6' 4.5'',189.8,79.0,6' 7'',100.5,8' 4.5'',6.9,8.5,9.0
16004,,DeAndre,Bembry,DeAndre Bembry,SG-SF,76.25,6' 4.25'',77.75,6' 5.75'',206.6,81.25,6' 9.25'',101.0,8' 5'',7.0,8.0,9.25
16005,,Ben,Bentil,Ben Bentil,PF,79.25,6' 7.25'',80.25,6' 8.25'',229.2,85.5,7' 1.5'',105.0,8' 9'',9.7,9.5,10.0
16006,,Jaron,Blossomgame,Jaron Blossomgame,SF,78.25,6' 6.25'',79.25,6' 7.25'',213.6,82.0,6' 10'',102.0,8' 6'',5.25,8.5,10.0
16007,,Joel,Bolomboy,Joel Bolomboy,PF,79.5,6' 7.5'',81.0,6' 9'',224.4,85.75,7' 1.75'',103.5,8' 7.5'',5.15,9.0,10.25
16008,,Malcolm,Brogdon,Malcolm Brogdon,SG,75.75,6' 3.75'',77.5,6' 5.5'',223,82.5,6' 10.5'',98.0,8' 2'',5.4,9.0,10.25
16009,,Jaylen,Brown,Jaylen Brown,SG-SF,77.25,6' 5.25'',78.75,6' 6.75'',222.8,83.75,6' 11.75'',102.5,8' 6.5'',5.05,8.75,9.0
16010,,Robert,Carter Jr,Robert Carter Jr,PF,78.75,6' 6.75'',80.5,6' 8.5'',250.6,87.25,7' 3.25'',106.5,8' 10.5'',12.45,8.75,9.5
16011,,Marquese,Chriss,Marquese Chriss,PF,80.75,6' 8.75'',82.0,6' 10'',233,84.25,7' 0.25'',105.0,8' 9'',8.5,9.0,9.0
16012,,Elgin,Cook,Elgin Cook,SF,77.0,6' 5'',78.25,6' 6.25'',209.8,82.0,6' 10'',100.5,8' 4.5'',6.35,8.5,10.25
16013,,Isaiah,Cousins,Isaiah Cousins,PG,75.25,6' 3.25'',76.5,6' 4.5'',194,78.25,6' 6.25'',98.5,8' 2.5'',4.8,8.25,8.75
16014,,Deyonta,Davis,Deyonta Davis,PF,81.25,6' 9.25'',82.5,6' 10.5'',237.2,86.5,7' 2.5'',108.5,9' 0.5'',9.7,9.0,9.25
16015,,Cheick,Diallo,Cheick Diallo,PF,79.5,6' 7.5'',81.0,6' 9'',218.6,88.5,7' 4.5'',107.5,8' 11.5'',5.6,8.5,9.75
16016,,Kris,Dunn,Kris Dunn,PG,75.0,6' 3'',76.25,6' 4.25'',,81.5,6' 9.5'',100.0,8' 4'',,,
16017,,Henry,Ellenson,Henry Ellenson,PF,82.0,6' 10'',83.5,6' 11.5'',242,86.25,7' 2.25'',108.0,9' 0'',11.2,8.5,9.75
16018,,Perry,Ellis,Perry Ellis,PF,79.0,6' 7'',80.25,6' 8.25'',217.8,82.25,6' 10.25'',102.0,8' 6'',4.6,8.0,8.5
16019,,AJ,English,AJ English,PG,74.0,6' 2'',75.0,6' 3'',182.2,82.0,6' 10'',98.5,8' 2.5'',5.3,8.75,8.5
16020,,Kay,Felder,Kay Felder,PG,68.25,5' 8.25'',69.5,5' 9.5'',177.2,74.5,6' 2.5'',88.5,7' 4.5'',5.8,8.25,8.5
16021,,Dorian,Finney-Smith,Dorian Finney-Smith,SF,78.5,6' 6.5'',79.75,6' 7.75'',212.6,83.75,6' 11.75'',105.5,8' 9.5'',6.45,9.0,9.75
16022,,Michael,Gbinije,Michael Gbinije,SG,77.5,6' 5.5'',78.75,6' 6.75'',204.6,79.5,6' 7.5'',101.0,8' 5'',5.4,8.0,9.0
16023,,Daniel,Hamilton,Daniel Hamilton,SG-SF,78.25,6' 6.25'',80.0,6' 8'',197,81.0,6' 9'',103.5,8' 7.5'',5.95,9.0,8.5
16025,,Josh,Hart,Josh Hart,SG,76.0,6' 4'',77.5,6' 5.5'',203.6,80.5,6' 8.5'',99.5,8' 3.5'',5.75,8.5,9.25
16026,,Nigel,Hayes,Nigel Hayes,SF-PF,78.25,6' 6.25'',79.25,6' 7.25'',245,87.0,7' 3'',107.5,8' 11.5'',10.9,8.5,9.5
16027,,Buddy,Hield,Buddy Hield,SG,75.75,6' 3.75'',77.0,6' 5'',212.4,81.25,6' 9.25'',101.0,8' 5'',6.1,8.5,9.0
16029,,Demetrius,Jackson,Demetrius Jackson,PG,72.0,6' 0'',73.25,6' 1.25'',193.8,77.5,6' 5.5'',93.0,7' 9'',6.5,8.25,9.0
16030,,Justin,Jackson,Justin Jackson,SF,79.0,6' 7'',80.25,6' 8.25'',193.4,82.75,6' 10.75'',103.5,8' 7.5'',7.6,8.75,8.75
16031,,Brice,Johnson,Brice Johnson,PF,81.0,6' 9'',82.5,6' 10.5'',208.6,84.5,7' 0.5'',106.5,8' 10.5'',7.5,9.0,8.25
16032,,Damian,Jones,Damian Jones,C,82.25,6' 10.25'',83.5,6' 11.5'',243.6,87.75,7' 3.75'',107.0,8' 11'',6.55,8.75,10.5
16033,,Skal,Labissiere,Skal Labissiere,PF-C,82.5,6' 10.5'',83.75,6' 11.75'',215.8,86.5,7' 2.5'',105.5,8' 9.5'',5.7,8.75,9.0
16034,,Dedric,Lawson,Dedric Lawson,PF,79.0,6' 7'',80.0,6' 8'',224.8,86.5,7' 2.5'',106.5,8' 10.5'',11.05,9.5,9.5
16035,,Jake,Layman,Jake Layman,SF,80.0,6' 8'',81.25,6' 9.25'',208.6,81.25,6' 9.25'',102.0,8' 6'',7.1,8.25,9.25
16037,,Caris,LeVert,Caris LeVert,SG,77.75,6' 5.75'',79.0,6' 7'',191,82.0,6' 10'',101.0,8' 5'',7.55,8.5,9.25
16036,,Marcus,Lee,Marcus Lee,PF-C,81.0,6' 9'',82.25,6' 10.25'',211,87.0,7' 3'',107.5,8' 11.5'',5.35,9.0,9.0
16038,,Thon,Maker,Thon Maker,PF,83.75,6' 11.75'',84.75,7' 0.75'',216,87.0,7' 3'',110.5,9' 2.5'',6.05,8.75,9.5
16039,,Patrick,McCaw,Patrick McCaw,PG-SG,77.25,6' 5.25'',78.75,6' 6.75'',180.8,82.0,6' 10'',100.5,8' 4.5'',4.7,8.75,8.75
16063,,Sheldon,McClellan,Sheldon McClellan,SG,77.0,6' 5'',78.25,6' 6.25'',198.2,79.0,6' 7'',99.5,8' 3.5'',4.75,8.0,8.0
16040,,Isaiah,Miles,Isaiah Miles,PF,78.75,6' 6.75'',79.75,6' 7.75'',219.6,82.5,6' 10.5'',105.0,8' 9'',9.6,9.0,9.5
16042,,Malik,Newman,Malik Newman,SG,74.25,6' 2.25'',75.5,6' 3.5'',182.2,77.75,6' 5.75'',97.5,8' 1.5'',5.6,8.25,9.25
16043,,Georges,Niang,Georges Niang,PF,78.75,6' 6.75'',80.5,6' 8.5'',230.8,82.0,6' 10'',103.0,8' 7'',10.05,9.25,9.25
16044,,Chinanu,Onuaku,Chinanu Onuaku,C,81.0,6' 9'',82.0,6' 10'',245.2,86.75,7' 2.75'',108.5,9' 0.5'',8.55,9.0,8.0
16045,,Marcus,Paige,Marcus Paige,PG,72.5,6' 0.5'',73.75,6' 1.75'',163.8,78.25,6' 6.25'',97.0,8' 1'',4.3,7.75,8.75
16046,,Gary,Payton II,Gary Payton II,PG,74.0,6' 2'',75.0,6' 3'',183.8,80.0,6' 8'',99.5,8' 3.5'',3.95,8.75,9.5
16047,,Jakob,Poeltl,Jakob Poeltl,C,84.25,7' 0.25'',85.0,7' 1'',239,86.75,7' 2.75'',111.5,9' 3.5'',5.8,9.25,10.25
16048,,Taurean,Prince,Taurean Prince,SF,78.5,6' 6.5'',79.75,6' 7.75'',220.2,83.5,6' 11.5'',102.0,8' 6'',6.45,9.0,8.5
16049,,Zhou,Qi,Zhou Qi,PF-C,85.25,7' 1.25'',86.25,7' 2.25'',218.2,91.75,7' 7.75'',112.5,9' 4.5'',4.85,9.25,9.5
16050,,Malachi,Richardson,Malachi Richardson,SG-SF,76.75,6' 4.75'',78.25,6' 6.25'',199.6,84.0,7' 0'',101.5,8' 5.5'',7.0,8.75,10.0
16051,,Wayne,Selden,Wayne Selden,SG,76.25,6' 4.25'',77.75,6' 5.75'',232.4,82.5,6' 10.5'',101.0,8' 5'',7.3,9.0,9.25
16052,,Pascal,Siakam,Pascal Siakam,PF,80.25,6' 8.25'',81.5,6' 9.5'',226.6,87.25,7' 3.25'',107.5,8' 11.5'',5.2,9.25,10.0
16053,,Diamond,Stone,Diamond Stone,C,81.0,6' 9'',82.25,6' 10.25'',254.4,86.75,7' 2.75'',108.5,9' 0.5'',12.85,8.5,7.75
16054,,Caleb,Swanigan,Caleb Swanigan,PF,79.5,6' 7.5'',80.5,6' 8.5'',246.6,87.5,7' 3.5'',107.0,8' 11'',12.55,9.0,10.25
16055,,Melo,Trimble,Melo Trimble,PG,73.25,6' 1.25'',74.5,6' 2.5'',191.8,74.0,6' 2'',92.5,7' 8.5'',8.35,8.0,8.75
16056,,Tyler,Ulis,Tyler Ulis,PG,68.75,5' 8.75'',70.0,5' 10'',149.2,74.0,6' 2'',88.5,7' 4.5'',5.2,7.5,7.5
16057,,Jarrod,Uthoff,Jarrod Uthoff,PF,80.5,6' 8.5'',81.75,6' 9.75'',214.4,83.5,6' 11.5'',104.0,8' 8'',6.0,8.75,9.0
16058,,Denzel,Valentine,Denzel Valentine,SG-SF,76.0,6' 4'',77.75,6' 5.75'',210.4,82.75,6' 10.75'',102.0,8' 6'',9.2,8.5,9.75
16059,,Isaiah,Whitehead,Isaiah Whitehead,PG-SG,75.25,6' 3.25'',76.5,6' 4.5'',210,80.75,6' 8.75'',100.0,8' 4'',9.25,8.5,8.75
16060,,Troy,Williams,Troy Williams,SF,77.75,6' 5.75'',78.75,6' 6.75'',217.8,80.25,6' 8.25'',102.0,8' 6'',10.0,8.25,9.25
16061,,Kyle,Wiltjer,Kyle Wiltjer,PF,80.75,6' 8.75'',82.0,6' 10'',242.8,84.25,7' 0.25'',102.5,8' 6.5'',15.25,8.25,9.5
16062,,Stephen,Zimmerman,Stephen Zimmerman,C,82.25,6' 10.25'',83.75,6' 11.75'',234,87.25,7' 3.25'',108.5,9' 0.5'',11.15,9.0,9.0
17000,,Edrice,Adebayo,Edrice Adebayo,PF-C,80.75,6' 8.75'',75.75,6' 9.75'',242.6,86.75,7' 2.75'',108.0,9' 0'',5.2,9.5,8.75
17001,,Rawle,Alkins,Rawle Alkins,SG-SF,74.5,6' 2.5'',75.75,6' 3.75'',222.6,80.75,6' 8.75'',99.0,8' 3'',11.0,8.75,10.0
17002,,Jarrett,Allen,Jarrett Allen,C,81.0,6' 9'',82.25,6' 10.25'',233.6,89.25,7' 5.25'',109.5,9' 1.5'',7.4,9.5,10.5
17003,,Kadeem,Allen,Kadeem Allen,PG,73.0,6' 1'',74.25,6' 2.25'',192.4,81.25,6' 9.25'',99.5,8' 3.5'',6.4,8.5,8.75
17004,,Ike,Anigbogu,Ike Anigbogu,C,80.5,6' 8.5'',81.75,6' 9.75'',252.2,90.25,7' 6.25'',110.5,9' 2.5'',5.4,9.5,10.0
17005,,OG,Anunoby,OG Anunoby,SF,78.25,6' 6.25'',79.75,6' 7.75'',232.4,86.25,7' 2.25'',107.5,8' 11.5'',6.8,9.25,9.5
17006,,Jamel,Artis,Jamel Artis,SG-SF,77.5,6' 5.5'',78.75,6' 6.75'',213.2,82.0,6' 10'',105.0,8' 9'',11.9,9.25,9.75
17007,,Dwayne,Bacon,Dwayne Bacon,SG-SF,76.75,6' 4.75'',78.25,6' 6.25'',221.6,82.0,6' 10'',103.5,8' 7.5'',7.9,8.75,10.0
17008,,V.J.,Beachem,V.J. Beachem,SG-SF,78.25,6' 6.25'',80.0,6' 8'',193.4,82.25,6' 10.25'',104.5,8' 8.5'',6.8,8.5,9.0
17009,,Jordan,Bell,Jordan Bell,PF,79.0,6' 7'',80.5,6' 8.5'',223.6,83.75,6' 11.75'',104.5,8' 8.5'',5.4,9.25,9.5
17010,,Jaron ,Blossomgame,Jaron  Blossomgame,SF,77.75,6' 5.75'',78.75,6' 6.75'',218.6,82.0,6' 10'',104.5,8' 8.5'',5.7,8.75,10.25
17011,,Chris,Boucher,Chris Boucher,PF,80.0,6' 8'',81.5,6' 9.5'',182.2,88.0,7' 4'',110.5,9' 2.5'',5.4,9.25,10.5
17012,,Tony,Bradley,Tony Bradley,C,81.25,6' 9.25'',82.75,6' 10.75'',248.8,89.0,7' 5'',112.5,9' 4.5'',12.0,9.5,9.5
17013,,Isaiah,Briscoe,Isaiah Briscoe,PG,73.25,6' 1.25'',74.75,6' 2.75'',222.4,81.0,6' 9'',99.5,8' 3.5'',11.0,9.0,9.25
17014,,Dillon,Brooks,Dillon Brooks,SG-SF,77.0,6' 5'',78.0,6' 6'',220.2,78.0,6' 6'',100.5,8' 4.5'',7.5,8.25,9.25
17015,,Thomas,Bryant,Thomas Bryant,PF-C,81.5,6' 9.5'',82.75,6' 10.75'',247.8,90.0,7' 6'',112.5,9' 4.5'',9.4,9.5,10.25
17017,,Zach,Collins,Zach Collins,PF-C,82.25,6' 10.25'',84.0,7' 0'',232.2,85.0,7' 1'',111.0,9' 3'',8.9,8.75,9.25
17016,,John,Collins,John Collins,PF,80.25,6' 8.25'',81.5,6' 9.5'',225.2,83.25,6' 11.25'',106.5,8' 10.5'',5.4,9.0,10.0
17018,,Hamidou,Diallo,Hamidou Diallo,SG-SF,75.75,6' 3.75'',77.0,6' 5'',197.4,83.25,6' 11.25'',101.5,8' 5.5'',5.2,8.5,9.5
17019,,Tyler,Dorsey,Tyler Dorsey,SG,75.0,6' 3'',76.5,6' 4.5'',182.6,77.25,6' 5.25'',99.5,8' 3.5'',4.7,8.5,9.25
17020,,Damyean,Dotson,Damyean Dotson,SG-SF,76.5,6' 4.5'',77.5,6' 5.5'',205.2,81.0,6' 9'',100.0,8' 4'',5.3,8.5,9.25
17021,,PJ,Dozier,PJ Dozier,SG,77.25,6' 5.25'',78.75,6' 6.75'',200.6,83.0,6' 11'',101.0,8' 5'',6.1,8.5,9.5
17022,,Jawun,Evans,Jawun Evans,PG,70.75,5' 10.75'',71.5,5' 11.5'',185.2,77.5,6' 5.5'',95.0,7' 11'',9.1,8.0,7.75
17023,,Terrance,Ferguson,Terrance Ferguson,SG-SF,77.5,6' 5.5'',79.0,6' 7'',184.4,80.75,6' 8.75'',103.0,8' 7'',5.8,8.5,10.0
17024,,De?Aaron,Fox,De?Aaron Fox,PG,74.0,6' 2'',75.25,6' 3.25'',169.6,78.5,6' 6.5'',100.0,8' 4'',4.5,8.5,8.5
17025,,Markelle,Fultz,Markelle Fultz,PG,,,,,,,,,,,,
17026,,Harry,Giles,Harry Giles,PF,81.25,6' 9.25'',82.5,6' 10.5'',232,87.25,7' 3.25'',109.5,9' 1.5'',5.2,9.5,10.75
17027,,Josh,Hart,Josh Hart,SG-SF,75.75,6' 3.75'',77.0,6' 5'',209.2,80.25,6' 8.25'',101.0,8' 5'',5.8,8.5,9.5
17028,,Nigel,Hayes,Nigel Hayes,PF,78.25,6' 6.25'',79.5,6' 7.5'',254.2,87.25,7' 3.25'',104.5,8' 8.5'',11.5,8.75,10.0
17029,,Isaiah,Hicks,Isaiah Hicks,PF,79.25,6' 7.25'',80.5,6' 8.5'',233.4,84.5,7' 0.5'',105.0,8' 9'',7.7,8.75,9.75
17030,,Wesley,Iwundu,Wesley Iwundu,SG-SF,77.5,6' 5.5'',78.75,6' 6.75'',193.4,85.0,7' 1'',105.5,8' 9.5'',4.0,8.75,9.5
17031,,Frank,Jackson,Frank Jackson,PG,74.0,6' 2'',75.5,6' 3.5'',201.6,79.5,6' 7.5'',98.0,8' 2'',6.7,8.25,9.0
17033,,Justin,Jackson (UMD),Justin Jackson (UMD),SF,77.75,6' 5.75'',79.0,6' 7'',219.4,87.25,7' 3.25'',107.0,8' 11'',7.1,9.0,9.5
17032,,Justin,Jackson (UNC),Justin Jackson (UNC),SF,79.0,6' 7'',80.25,6' 8.25'',200.8,83.0,6' 11'',104.5,8' 8.5'',8.1,8.75,9.25
17034,,Jonathan,Jeanne,Jonathan Jeanne,PF-C,84.75,7' 0.75'',86.0,7' 2'',207.4,90.5,7' 6.5'',113.5,9' 5.5'',8.7,9.5,10.0
17035,,Peter,Jok,Peter Jok,SG-SF,76.25,6' 4.25'',77.75,6' 5.75'',202.4,80.0,6' 8'',102.0,8' 6'',11.0,8.25,9.5
17036,,Andrew,Jones,Andrew Jones,SG,75.0,6' 3'',76.25,6' 4.25'',185,78.5,6' 6.5'',99.5,8' 3.5'',4.9,8.5,9.0
17037,,Luke,Kennard,Luke Kennard,SG-SF,76.5,6' 4.5'',77.5,6' 5.5'',196.2,77.25,6' 5.25'',98.5,8' 2.5'',6.6,8.0,8.75
17038,,Kyle,Kuzma,Kyle Kuzma,SF-SG,80.0,6' 8'',81.5,6' 9.5'',222.6,84.25,7' 0.25'',107.5,8' 11.5'',9.4,8.5,9.5
17039,,TJ,Leaf,TJ Leaf,PF,80.75,6' 8.75'',81.75,6' 9.75'',222.2,83.0,6' 11'',107.0,8' 11'',6.8,8.5,9.5
17040,,Tyler,Lydon,Tyler Lydon,PF,80.25,6' 8.25'',81.5,6' 9.5'',215,84.0,7' 0'',107.5,8' 11.5'',13.6,8.75,8.75
17041,,Frank,Mason III,Frank Mason III,PG,71.0,5' 11'',72.0,6' 0'',188.8,75.25,6' 3.25'',94.0,7' 10'',4.3,8.0,9.25
17042,,Kennedy,Meeks,Kennedy Meeks,C,80.75,6' 8.75'',82.25,6' 10.25'',276.6,85.0,7' 1'',106.0,8' 10'',11.5,8.75,8.75
17043,,Eric,Mika,Eric Mika,PF-C,80.5,6' 8.5'',81.75,6' 9.75'',232.8,82.0,6' 10'',106.5,8' 10.5'',6.5,8.25,8.75
17044,,Donovan,Mitchell,Donovan Mitchell,SG,73.25,6' 1.25'',75.0,6' 3'',211.4,82.0,6' 10'',97.0,8' 1'',5.9,8.5,9.5
17045,,Monte,Morris,Monte Morris,PG,73.25,6' 1.25'',74.5,6' 2.5'',175.2,76.0,6' 4'',96.5,8' 0.5'',6.9,8.25,8.75
17046,,Johnathan,Motley,Johnathan Motley,PF,79.75,6' 7.75'',80.75,6' 8.75'',238.2,88.0,7' 4'',108.0,9' 0'',,9.0,9.5
17047,,Svi,Mykhailiuk,Svi Mykhailiuk,SG-SF,78.5,6' 6.5'',79.5,6' 7.5'',219.6,77.0,6' 5'',100.0,8' 4'',11.4,8.0,9.25
17048,,Semi,Ojeleye,Semi Ojeleye,SF-SG,77.25,6' 5.25'',78.75,6' 6.75'',241.4,81.75,6' 9.75'',102.0,8' 6'',5.5,8.75,9.5
17049,,Cameron,Oliver,Cameron Oliver,PF,79.0,6' 7'',80.25,6' 8.25'',238.6,85.25,7' 1.25'',106.5,8' 10.5'',7.7,9.5,10.25
17050,,Justin,Patton,Justin Patton,C,82.0,6' 10'',83.25,6' 11.25'',229,87.0,7' 3'',111.5,9' 3.5'',7.8,8.75,9.75
17051,,Alec,Peters,Alec Peters,PF,79.25,6' 7.25'',80.75,6' 8.75'',232,82.75,6' 10.75'',105.0,8' 9'',8.8,8.75,10.0
17052,,Ivan,Rabb,Ivan Rabb,PF,80.75,6' 8.75'',82.0,6' 10'',219.6,85.5,7' 1.5'',109.0,9' 1'',6.8,8.75,9.0
17053,,Davon,Reed,Davon Reed,SG-SF,76.5,6' 4.5'',77.5,6' 5.5'',206.2,84.0,7' 0'',102.0,8' 6'',6.5,9.25,9.5
17054,,Devin,Robinson,Devin Robinson,SF,79.0,6' 7'',80.25,6' 8.25'',189.6,84.75,7' 0.75'',106.0,8' 10'',3.2,9.25,10.25
17055,,Kobi,Simmons,Kobi Simmons,PG,75.25,6' 3.25'',76.5,6' 4.5'',166.2,78.0,6' 6'',99.0,8' 3'',5.0,8.5,9.5
17056,,Edmond,Sumner,Edmond Sumner,PG,76.0,6' 4'',77.75,6' 5.75'',176.4,81.0,6' 9'',102.5,8' 6.5'',8.3,8.25,9.0
17057,,Caleb,Swanigan,Caleb Swanigan,PF,79.5,6' 7.5'',80.5,6' 8.5'',245.6,87.0,7' 3'',108.0,9' 0'',,9.5,10.25
17058,,Sindarius,Thornwell,Sindarius Thornwell,SG-SF,75.5,6' 3.5'',76.75,6' 4.75'',211.6,82.0,6' 10'',103.0,8' 7'',7.8,8.75,8.75
17059,,Melo,Trimble,Melo Trimble,PG,73.25,6' 1.25'',74.5,6' 2.5'',195.2,74.0,6' 2'',95.5,7' 11.5'',10.6,8.0,8.75
17060,,Moritz,Wagner,Moritz Wagner,PF,82.0,6' 10'',83.25,6' 11.25'',231.2,84.0,7' 0'',108.0,9' 0'',6.7,8.75,10.75
17061,,Derrick,Walton Jr.,Derrick Walton Jr.,PG,71.0,5' 11'',72.75,6' 0.75'',188.6,74.5,6' 2.5'',95.0,7' 11'',5.8,8.0,8.5
17062,,Thomas,Welsh,Thomas Welsh,PF-C,83.5,6' 11.5'',84.5,7' 0.5'',254,84.0,7' 0'',109.5,9' 1.5'',10.9,9.0,10.5
17063,,Derrick,White,Derrick White,PG,75.25,6' 3.25'',76.5,6' 4.5'',189.8,79.5,6' 7.5'',101.5,8' 5.5'',6.2,8.25,8.5
17064,,Nigel,Williams-Goss,Nigel Williams-Goss,PG,73.5,6' 1.5'',75.0,6' 3'',190.2,79.25,6' 7.25'',99.0,8' 3'',5.6,8.75,9.25
17065,,D.J.,Wilson,D.J. Wilson,PF,80.75,6' 8.75'',82.5,6' 10.5'',234.4,87.0,7' 3'',109.5,9' 1.5'',6.4,9.25,10.25
17066,,Omer,Yurtseven,Omer Yurtseven,C,82.5,6' 10.5'',83.75,6' 11.75'',248.4,85.0,7' 1'',108.5,9' 0.5'',7.6,9.0,10.5
