TEMP_PLAYER_ID,PLAYER_ID,FIRST_NAME,LAST_NAME,PLAYER_NAME,POSITION,STANDING_VERTICAL_LEAP,MAX_VERTICAL_LEAP,LANE_AGILITY_TIME,MODIFIED_LANE_AGILITY_TIME,THREE_QUARTER_SPRINT,BENCH_PRESS
,2124,Malik,Allen,Malik Allen,PF-C,25.5,29.0,11.83,,3.38,13.0
,12019,Harold,Arceneaux,Harold Arceneaux,SG-SF,,29.0,13.8,,,0.0
,12020,Lamont,Barnes,Lamont Barnes,PF-C,28.0,29.5,12.3,,3.4,10.0
,12131,Mario,Bland,Mario Bland,PF,27.0,31.0,13.04,,3.47,15.0
,2056,Primoz,Brezec,Primoz Brezec,C,26.0,29.5,11.53,,3.55,
,2081,Ernest,Brown,Ernest Brown,C,,,,,,2.0
,2049,Speedy,Claxton,Speedy Claxton,PG,36.0,42.5,10.48,,3.06,6.0
,12132,Eric,Coley,Eric Coley,SG-SF,35.0,38.0,11.4,,3.15,10.0
,12133,Ed,Cota,Ed Cota,PG,26.5,33.5,10.98,,3.24,1.0
,12134,Schea,Cotton,Schea Cotton,SF,34.0,38.0,11.55,,3.0,19.0
,2037,Jamal,Crawford,Jamal Crawford,PG-SG,,,,,,0.0
,12017,Caswell,Cyrus,Caswell Cyrus,PF,33.5,37.5,12.12,,3.16,18.0
,2064,Khalid,El-Amin,Khalid El-Amin,PG,27.5,32.0,10.59,,3.32,6.0
,12018,Vassil,Evtimov,Vassil Evtimov,PF,21.0,28.5,11.75,,3.52,13.0
,2238,Antonis,Fotsis,Antonis Fotsis,SF,27.0,30.0,11.6,,3.44,2.0
,2109,Eddie,Gill,Eddie Gill,PG,35.0,38.5,11.12,,3.18,13.0
,12135,Ceedric,Goodwyn,Ceedric Goodwyn,SF-PF,,,,,,
,12136,Marcus,Goree,Marcus Goree,SF-PF,29.5,33.5,12.0,,3.25,13.0
,12137,A.J.,Granger,A.J. Granger,SF,30.0,34.0,10.73,,3.25,20.0
,2062,A.J.,Guyton,A.J. Guyton,PG-SG,33.0,37.5,10.55,,3.22,9.0
,2110,Ron,Hale,Ron Hale,SG-SF,29.5,34.5,12.58,,3.2,11.0
,2078,Jason,Hart,Jason Hart,PG,29.5,33.5,11.7,,3.34,9.0
,2051,Donnell,Harvey,Donnell Harvey,PF,33.0,32.5,11.23,,,15.0
,12138,Johnny,Hemsley,Johnny Hemsley,SG-SF,31.5,35.0,11.5,,3.19,5.0
,12139,Michael,Hermon,Michael Hermon,SG-PG,29.0,33.0,11.79,,3.25,0.0
,2083,Cory,Hightower,Cory Hightower,SG-SF,29.5,34.5,11.92,,3.37,0.0
,12140,Shaheen,Holloway,Shaheen Holloway,PG,,,11.22,,3.32,6.0
,2067,Eddie,House,Eddie House,SG-PG,29.5,38.5,11.12,,3.27,5.0
,2111,Jimmie,Hunter,Jimmie Hunter,SG-PG,29.0,36.0,11.23,,3.35,0.0
,12141,Jacob,Jaacks,Jacob Jaacks,PF,26.0,32.0,11.48,,3.58,3.0
,2060,Marko,Jaric,Marko Jaric,SG-SF,27.5,33.0,11.32,,3.28,
,12142,Nate,Johnson,Nate Johnson,SF,27.0,33.5,11.9,,3.33,13.0
,12143,Kenyon,Jones,Kenyon Jones,PF-C,28.5,30.0,12.44,,3.6,20.0
,2077,Mark,Karcher,Mark Karcher,SG,27.5,30.5,11.51,,3.4,12.0
,12144,Brandon,Kurtz,Brandon Kurtz,PF-C,,,,,,7.0
,2061,Dan,Langhi,Dan Langhi,SF,31.0,34.5,10.85,,3.24,12.0
,2090,Justin,Love,Justin Love,PG-SG,31.0,38.5,10.99,,3.31,24.0
,2058,Mark,Madsen,Mark Madsen,PF,30.5,33.5,12.12,,3.46,13.0
,2082,Dan,McClintock,Dan McClintock,C-PF,33.0,35.0,11.52,,3.33,20.0
,2087,Pete,Mickeal,Pete Mickeal,SG-SF,28.0,34.5,10.83,,3.06,8.0
,12145,Brian,Montonati,Brian Montonati,PF,25.0,29.0,11.85,,3.53,5.0
,2508,Gabe,Muoneke,Gabe Muoneke,PF-SF,30.5,34.0,11.0,,3.4,22.0
,12146,Ndongo,N'diaye,Ndongo N'diaye,C,24.5,27.5,13.16,,3.69,4.0
,2059,Eduardo,Najera,Eduardo Najera,PF-SF,28.0,35.0,11.38,,3.45,15.0
,12147,Matthew,Nielsen,Matthew Nielsen,PF,26.0,29.0,11.28,,3.35,3.0
,2084,Chris,Porter,Chris Porter,SF-PF,28.5,35.0,10.93,,3.2,6.0
,2068,Lavor,Postell,Lavor Postell,SG,33.5,36.5,11.79,,3.3,17.0
,2080,Igor,Rakocevic,Igor Rakocevic,PG,27.5,34.0,10.4,,3.1,9.0
,12148,Reed,Rawlings,Reed Rawlings,SG-SF,28.5,33.5,11.1,,3.27,13.0
,2072,Michael,Redd,Michael Redd,SG-SF,27.0,31.0,12.06,,3.34,12.0
,12149,Damon,Reed,Damon Reed,PF-C,27.5,31.5,11.21,,3.31,4.0
,12021,Aubrey,Reese,Aubrey Reese,PG,31.5,37.5,11.13,,3.25,14.0
,2121,Terrance,Roberson,Terrance Roberson,SF,29.0,32.5,11.66,,,11.0
,12022,Julius Doc,Robinson,Julius Doc Robinson,PG,30.0,37.5,12.54,,3.41,0.0
,12023,Pepe,Sanchez,Pepe Sanchez,PG,26.0,31.0,11.62,,3.44,8.0
,12024,Matt,Santangelo,Matt Santangelo,PG,33.5,43.0,10.66,,3.06,12.0
,2637,Alex,Scales,Alex Scales,SG-PG,38.5,42.5,10.98,,3.21,10.0
,12025,Karim,Shabazz,Karim Shabazz,C,24.5,28.0,12.72,,3.36,2.0
,12026,Nick,Sheppard,Nick Sheppard,PF-C,23.5,25.5,12.14,,3.52,18.0
,2074,Jabari,Smith,Jabari Smith,PF-C,24.5,30.0,12.45,,3.43,15.0
,2065,Mike,Smith,Mike Smith,SF,33.0,21.0,11.32,,3.22,12.0
,12027,Jarrett,Stephens,Jarrett Stephens,PF,27.0,29.0,11.98,,3.46,13.0
,12028,Bootsy,Thornton,Bootsy Thornton,SG,26.5,31.0,12.08,,3.33,7.0
,12029,Jaquay,Walls,Jaquay Walls,PG,28.5,35.5,10.75,,3.23,0.0
,12030,Jameel,Watkins,Jameel Watkins,PF-C,28.0,30.5,12.38,,3.45,11.0
,12033,Adam,Allenspach,Adam Allenspach,C,28.5,31.0,11.9,,3.4,16.0
,2240,Gilbert,Arenas,Gilbert Arenas,SG,31.5,36.0,,,3.25,12.0
,2220,Brandon,Armstrong,Brandon Armstrong,SG,30.0,37.0,10.91,,3.2,6.0
,2203,Shane,Battier,Shane Battier,SF-PF,29.5,33.0,10.95,,3.3,12.0
,12034,Cookie,Belcher,Cookie Belcher,SG-PG,35.0,41.5,11.26,,2.91,7.0
,2294,Charlie,Bell,Charlie Bell,PG,31.5,38.0,10.59,,3.12,15.0
,2257,Ruben,Boumtje-Boumtje,Ruben Boumtje-Boumtje,C,26.5,31.0,11.84,,3.33,6.0
,12035,Calvin,Bowman,Calvin Bowman,PF,28.5,34.5,11.96,,3.21,7.0
,2214,Michael,Bradley,Michael Bradley,PF,27.0,30.0,11.11,,3.35,13.0
,2249,Jamison,Brewer,Jamison Brewer,PG,26.0,32.5,9.65,,3.15,12.0
,2245,Damone,Brown,Damone Brown,SF,32.0,37.0,11.81,,3.27,6.0
,2198,Kwame,Brown,Kwame Brown,PF-C,30.0,33.0,11.59,,3.45,17.0
,12031,SirValiant,Brown,SirValiant Brown,PG,31.0,39.5,11.23,,3.0,10.0
,12032,Ryan,Carroll,Ryan Carroll,SF-SG,34.5,39.0,11.0,,3.1,14.0
,2199,Tyson,Chandler,Tyson Chandler,SF-PF,31.0,33.5,12.13,,3.36,2.0
,2251,Eric,Chenowith,Eric Chenowith,C,23.5,27.5,12.5,,3.59,6.0
,2439,Sam,Clancy,Sam Clancy,PF,31.0,34.0,11.47,,3.13,15.0
,12036,Gyasi,Cline-Heard,Gyasi Cline-Heard,PF,31.5,34.5,11.4,,3.23,11.0
,2260,Jarron,Collins,Jarron Collins,C-PF,23.0,29.0,11.65,,3.6,10.0
,2215,Jason,Collins,Jason Collins,PF-C,25.5,28.5,12.1,,3.54,8.0
,2241,Omar,Cook,Omar Cook,PG,31.0,35.5,10.77,,3.2,9.0
,2201,Eddy,Curry,Eddy Curry,C,28.0,31.0,12.25,,3.53,16.0
,12037,Tate,Decker,Tate Decker,SF,25.5,28.5,12.19,,3.47,13.0
,2205,DeSagana,Diop,DeSagana Diop,C,21.5,25.5,12.37,,3.56,15.0
,12038,Robb,Dryden,Robb Dryden,C,27.0,30.0,12.47,,3.46,8.0
,12039,Anthony,Evans,Anthony Evans,PF,31.5,33.0,12.56,,3.31,18.0
,2230,Maurice,Evans,Maurice Evans,SG,34.5,37.5,10.08,,3.12,22.0
,12150,Benjamin,Eze,Benjamin Eze,C-PF,29.0,32.0,13.05,,3.36,14.0
,2386,Kimani,Ffriend,Kimani Ffriend,C-PF,32.0,33.0,11.46,,3.09,9.0
,2228,Alton,Ford,Alton Ford,PF,34.5,36.5,11.7,,3.16,21.0
,2218,Joseph,Forte,Joseph Forte,SG,26.5,33.0,11.51,,3.19,10.0
,-1,Jason,Gardner,Jason Gardner,PG,34.5,40.0,10.88,,2.92,9.0
,12151,Jerry,Green,Jerry Green,PG-SG,28.5,35.0,11.7,,3.17,13.0
,12152,Kenny,Gregory,Kenny Gregory,SF,39.5,45.5,11.33,,3.1,10.0
,2204,Eddie,Griffin,Eddie Griffin,PF-SF,26.5,33.0,11.77,,3.21,3.0
,2239,Trenton,Hassell,Trenton Hassell,SG-SF,35.5,37.5,11.57,,3.29,12.0
,2213,Kirk,Haston,Kirk Haston,PF-SF,27.0,31.5,12.25,,3.35,11.0
,12153,Charles,Hathaway,Charles Hathaway,C,,,,,,
,2217,Brendan,Haywood,Brendan Haywood,C,27.0,28.5,12.87,,3.5,17.0
,12154,Michael,Hicks,Michael Hicks,SG,33.0,40.5,11.38,,3.19,13.0
,2212,Steven,Hunter,Steven Hunter,C-PF,30.5,38.5,11.99,,3.15,11.0
,12155,Andre,Hutson,Andre Hutson,PF,29.0,32.5,11.25,,3.3,17.0
,12156,Nate,James,Nate James,SF,26.0,31.0,11.42,,3.31,23.0
,2210,Richard,Jefferson,Richard Jefferson,SF,33.0,38.5,11.19,,3.15,14.0
,2798,Horace,Jenkins,Horace Jenkins,PG,34.5,41.0,10.97,,3.1,2.0
,12157,Darrell,Johns,Darrell Johns,C,23.5,30.0,12.41,,3.59,18.0
,2207,Joe,Johnson,Joe Johnson,SF-SG,32.5,36.5,12.05,,3.4,12.0
,2256,Ken,Johnson,Ken Johnson,C,32.5,35.0,11.27,,3.12,13.0
,12158,Darren,Kelly,Darren Kelly,SG-PG,30.5,34.5,11.38,,3.21,1.0
,2253,Sean,Lampley,Sean Lampley,SF,36.0,40.0,11.06,,3.12,12.0
,12159,Zach,Marbury,Zach Marbury,PG-SG,33.0,36.5,11.53,,3.1,0.0
,12160,Mike,Mardesich,Mike Mardesich,C-PF,24.0,30.0,11.65,,3.45,8.0
,12161,DeMarcus,Minor,DeMarcus Minor,SG,29.0,41.0,10.57,,3.15,9.0
,200081,Jamario,Moon,Jamario Moon,SF,33.0,43.0,11.64,,3.08,0.0
,2211,Troy,Murphy,Troy Murphy,PF,28.5,34.5,11.22,,3.43,11.0
,12162,Troy,Ostler,Troy Ostler,PF-SF,26.5,29.5,13.42,,3.5,2.0
,40046,Lazaros,Papadopoulos,Lazaros Papadopoulos,C-PF,23.0,26.0,12.0,,3.7,4.0
,12164,Rashad,Phillips,Rashad Phillips,PG,27.0,32.0,11.93,,3.27,5.0
,12165,Demetrius,Porter,Demetrius Porter,PG,26.0,31.0,11.5,,3.34,5.0
,12166,Martin,Rancik,Martin Rancik,PF-SF,32.0,37.0,10.77,,3.19,14.0
,2202,Jason,Richardson,Jason Richardson,SF-SG,32.5,39.5,11.75,,3.12,15.0
,2369,Norman,Richardson,Norman Richardson,SG,30.5,35.5,10.97,,3.15,2.0
,2219,Jeryl,Sasser,Jeryl Sasser,PG-SG,29.0,34.0,11.47,,3.22,1.0
,12167,Kenny,Satterfield,Kenny Satterfield,PG,28.5,33.0,12.05,,3.2,3.0
,2243,Brian,Scalabrine,Brian Scalabrine,PF-SF,27.0,30.5,11.75,,3.47,14.0
,12168,Lee,Scruggs,Lee Scruggs,PF-SF,23.5,29.5,13.28,,3.55,0.0
,2250,Bobby,Simmons,Bobby Simmons,SF,27.5,34.0,11.69,,3.41,12.0
,2226,Will,Solomon,Will Solomon,PG-SG,28.5,35.0,11.3,,3.22,4.0
,12169,Greg,Stevenson,Greg Stevenson,SF,30.0,35.5,11.29,,3.23,15.0
,12170,Damone,Thornton,Damone Thornton,PF,33.5,37.5,11.17,,3.2,19.0
,2224,Jamaal,Tinsley,Jamaal Tinsley,PG,28.0,37.5,11.96,,3.2,1.0
,12171,Tory,Walker,Tory Walker,SF,28.0,33.0,11.95,,3.25,7.0
,12172,Souleymane,Wane,Souleymane Wane,C,29.0,30.5,12.02,,3.46,9.0
,2248,Earl,Watson,Earl Watson,PG,32.5,37.5,10.97,,3.19,4.0
,2206,Rodney,White,Rodney White,SF,27.5,33.0,12.07,,3.47,16.0
,2254,Loren,Woods,Loren Woods,C-PF,24.5,28.0,11.83,,3.48,10.0
,12040,Brent,Wright,Brent Wright,PF-SF,23.0,29.0,12.25,,3.3,19.0
,12041,Michael,Wright,Michael Wright,PF,27.5,33.5,11.37,,3.21,18.0
,2403,Nene,,Nene ,PF,30.0,34.0,10.73,,3.19,16.0
,2425,Robert,Archibald,Robert Archibald,PF-C,24.0,27.5,11.34,,3.33,10.0
,2486,Maurice,Baker,Maurice Baker,PG,29.5,33.0,12.19,,3.29,2.0
,2440,Matt,Barnes,Matt Barnes,SF,35.5,40.5,10.68,,3.28,11.0
,12286,Lubos,Barton,Lubos Barton,SF-SG,25.5,31.5,11.2,,3.31,14.0
,2437,Lonny,Baxter,Lonny Baxter,PF-C,28.0,32.5,11.77,,3.21,14.0
,12287,Lee,Benson,Lee Benson,SF-PF,27.5,32.5,11.44,,3.29,14.0
,2430,Carlos,Boozer,Carlos Boozer,PF,26.5,28.5,10.77,,3.31,13.0
,2414,Curtis,Borchardt,Curtis Borchardt,C,24.0,27.0,12.56,,3.63,7.0
,2452,J.R.,Bremer,J.R. Bremer,SG-PG,30.0,35.5,10.93,,3.1,24.0
,12288,Brian,Brown,Brian Brown,PG-SG,26.0,33.0,11.43,,3.29,8.0
,12289,Sylvere,Bryan,Sylvere Bryan,PF,28.5,29.5,12.03,,3.2,13.0
,12290,Chris,Burgess,Chris Burgess,C,24.5,31.0,11.58,,3.37,24.0
,2406,Caron,Butler,Caron Butler,SF-SG,27.0,31.0,12.15,,3.33,2.0
,2446,Rasual,Butler,Rasual Butler,SF,31.5,37.5,11.54,,3.29,10.0
,12291,Mire,Chatman,Mire Chatman,PG-SG,29.0,33.0,11.12,,3.18,1.0
,12042,Chris,Christoffersen,Chris Christoffersen,C,28.0,31.0,12.55,,3.39,13.0
,12043,Lenny,Cooke,Lenny Cooke,SG-SF,,,,,,0.0
,12044,Craig,Dawson,Craig Dawson,SG-SF,26.0,30.0,12.06,,3.25,0.0
,2399,Mike,Dunleavy,Mike Dunleavy,SF,24.5,29.0,11.55,,3.3,11.0
,12045,Teddy,Dupay,Teddy Dupay,PG,28.0,33.0,10.53,,3.19,16.0
,2451,Corsley,Edwards,Corsley Edwards,PF,28.5,33.0,12.18,,3.31,12.0
,12046,Andy,Ellis,Andy Ellis,PF,32.0,35.5,11.69,,3.34,6.0
,2408,Melvin,Ely,Melvin Ely,PF,26.0,29.0,11.96,,3.35,7.0
,2501,Reggie,Evans,Reggie Evans,PF,26.0,29.5,12.73,,3.26,15.0
,12047,Peter,Fehse,Peter Fehse,PF-C,,,,,,
,2400,Drew,Gooden,Drew Gooden,PF,29.0,33.0,11.81,,3.19,13.0
,12066,David,Graves,David Graves,SG,26.0,29.5,11.2,,3.27,8.0
,2696,Lynn,Greer,Lynn Greer,PG,29.5,36.5,11.24,,3.16,12.0
,12067,Rod,Grizzard,Rod Grizzard,SF-SG,,,,,,6.0
,101219,Anthony,Grundy,Anthony Grundy,PG-SG,27.5,32.0,11.1,,3.39,0.0
,2409,Marcus,Haislip,Marcus Haislip,PF,33.5,36.5,11.35,,3.21,8.0
,12068,Damon,Hancock,Damon Hancock,SG-PG,32.0,35.0,11.62,,3.03,15.0
,12069,Greg,Harrington,Greg Harrington,PG,28.5,34.0,12.06,,3.32,15.0
,2617,Udonis,Haslem,Udonis Haslem,PF,28.5,33.5,11.8,,3.31,22.0
,12070,Cordell,Henry,Cordell Henry,PG,33.0,37.5,11.3,,3.04,1.0
,2450,Randy,Holcomb,Randy Holcomb,SF-PF,29.5,35.5,12.85,,3.22,15.0
,2415,Ryan,Humphrey,Ryan Humphrey,PF-SF,31.5,37.5,11.75,,3.2,13.0
,2407,Jared,Jeffries,Jared Jeffries,PF,26.0,30.0,11.73,,3.4,9.0
,12049,Jason,Jennings,Jason Jennings,C,29.0,32.0,11.92,,3.62,8.0
,2410,Fred,Jones,Fred Jones,SG,33.5,37.5,11.12,,3.13,
,2495,Lonnie,Jones,Lonnie Jones,C-PF,30.5,31.5,11.8,,3.33,15.0
,2435,Mario,Kasun,Mario Kasun,C,,,,,,12.0
,12050,Sean,Kennedy,Sean Kennedy,PG,22.5,26.5,11.64,,3.28,0.0
,12051,Kris,Lang,Kris Lang,C-PF,28.0,29.0,11.36,,3.24,19.0
,12052,Muhammed,Lasege,Muhammed Lasege,C-PF,27.5,30.0,12.96,,3.29,18.0
,12053,Steve,Logan,Steve Logan,PG,,,,,,11.0
,2677,Kevin,Lyde,Kevin Lyde,C-PF,27.5,30.5,12.97,,3.36,13.0
,2432,Tito,Maddox,Tito Maddox,PG,27.0,32.5,12.2,,3.24,0.0
,12054,Kei,Madison,Kei Madison,SF,27.5,34.5,11.74,,3.22,6.0
,-1,Chris,Massie,Chris Massie,PF,,,,,,
,12055,Immanuel,McElroy,Immanuel McElroy,SG,,,,,,9.0
,12056,Aaron,McGhee,Aaron McGhee,PF-SF,26.0,28.5,12.24,,,
,12057,Elvin,Mims,Elvin Mims,SF-SG,32.0,38.0,11.17,,3.22,7.0
,12058,Byron,Mouton,Byron Mouton,SG-SF,24.0,30.0,11.84,,3.1,7.0
,2436,Ronald,Murray,Ronald Murray,SG,31.0,36.5,11.13,,3.16,9.0
,12059,Uche,Okafor,Uche Okafor,PF-C,24.5,25.0,14.45,,3.34,10.0
,2442,Chris,Owens,Chris Owens,PF-SF,,,,,,10.0
,2457,Jannero,Pargo,Jannero Pargo,PG,25.5,29.5,11.11,,3.2,5.0
,2470,Smush,Parker,Smush Parker,PG-SG,21.0,28.5,12.3,,3.26,1.0
,2458,Luke,Recker,Luke Recker,SG-SF,25.5,31.0,10.78,,3.27,13.0
,12061,Rolan,Roberts,Rolan Roberts,PF,32.5,37.5,11.36,,3.33,16.0
,12062,Travis,Robinson,Travis Robinson,SF,26.0,33.0,11.96,,3.43,3.0
,2416,Kareem,Rush,Kareem Rush,SG-SF,26.0,30.0,11.86,,3.22,15.0
,12063,Brooks,Sales,Brooks Sales,PF-C,26.0,29.5,11.05,,3.29,13.0
,2422,John,Salmons,John Salmons,SF-SG,30.5,34.5,11.35,,3.25,12.0
,2453,Predrag,Savovic,Predrag Savovic,SG,22.5,28.5,10.94,,3.38,13.0
,201324,Julian,Sensley,Julian Sensley,PF-SF,27.5,31.5,11.85,,3.32,8.0
,12064,Israel,Sheinfeld,Israel Sheinfeld,PF-C,,,,,,8.0
,12065,Preston,Shumpert,Preston Shumpert,SF,28.5,29.0,11.03,,3.24,9.0
,2447,Tamar,Slay,Tamar Slay,SF,32.5,38.0,10.94,,3.09,11.0
,2443,Darius,Songaila,Darius Songaila,PF,24.5,29.5,11.69,,3.52,8.0
,2405,Amar'e,Stoudemire,Amar'e Stoudemire,PF,32.0,35.5,11.19,,3.25,12.0
,2445,Marcus,Taylor,Marcus Taylor,PG,27.5,33.5,11.25,,3.31,4.0
,12297,Jobey,Thomas,Jobey Thomas,SG,26.0,32.0,11.46,,3.3,13.0
,2402,Dajuan,Wagner,Dajuan Wagner,PG-SG,28.0,35.0,12.03,,3.22,16.0
,2404,Chris,Wilcox,Chris Wilcox,PF-C,31.0,34.5,11.43,,3.16,20.0
,2421,Frank,Williams,Frank Williams,PG,26.0,31.0,11.73,,3.29,
,2465,George,Williams,George Williams,PF-SF,33.5,39.0,11.21,,3.24,11.0
,2398,Jay,Williams,Jay Williams,PG,28.5,36.0,10.34,,3.09,10.0
,2417,Qyntel,Woods,Qyntel Woods,SF-SG,33.5,34.5,11.94,,3.23,2.0
,2428,Vincent,Yarbrough,Vincent Yarbrough,SF,30.0,34.0,11.7,,3.32,10.0
,200995,Aloysius,Anagonye,Aloysius Anagonye,PF,31.0,34.5,12.93,,3.3,6.0
,12072,Rick,Anderson,Rick Anderson,SF-PF,26.0,30.5,11.23,,3.4,6.0
,2546,Carmelo,Anthony,Carmelo Anthony,SF,30.5,33.5,11.4,,3.15,7.0
,2602,Jerome,Beasley,Jerome Beasley,SF-PF,27.0,32.0,11.36,,3.25,10.0
,2559,Troy,Bell,Troy Bell,PG,34.5,41.0,10.89,,3.06,17.0
,12073,LaVell,Blanchard,LaVell Blanchard,SF,33.5,36.5,11.64,,3.38,12.0
,2586,Keith,Bogans,Keith Bogans,SG,29.5,35.0,11.43,,3.25,10.0
,2588,Matt,Bonner,Matt Bonner,PF-SF,27.0,32.0,11.52,,3.32,20.0
,2547,Chris,Bosh,Chris Bosh,PF,30.5,33.0,11.8,,3.3,9.0
,2651,Jermaine,Boyette,Jermaine Boyette,PG-SG,29.0,35.5,11.2,,3.07,14.0
,12295,Souleymane,Camara,Souleymane Camara,PF-SF,28.5,34.5,11.51,,3.2,2.0
,2679,Matt,Carroll,Matt Carroll,SG-SF,29.0,33.5,11.11,,3.35,13.0
,2555,Nick,Collison,Nick Collison,PF,28.0,33.0,11.62,,3.28,8.0
,2567,Brian,Cook,Brian Cook,PF-SF,25.0,29.0,11.87,,3.45,6.0
,12074,Joel,Cornette,Joel Cornette,PF-SF,26.0,32.5,11.27,,3.14,13.0
,2605,Marquis,Daniels,Marquis Daniels,SG-PG,30.5,35.0,11.62,,3.25,6.0
,12075,Aleksander,Djuric,Aleksander Djuric,C-PF,23.5,27.5,11.97,,3.65,3.0
,12076,Ruben,Douglas,Ruben Douglas,SG,28.5,35.0,11.95,,3.27,9.0
,2648,Ronald,Dupree,Ronald Dupree,SF-SG,37.5,41.5,11.09,,3.23,11.0
,2606,Carl,English,Carl English,SG-PG,28.0,34.0,11.77,,3.32,11.0
,12077,Ebi,Ere,Ebi Ere,SG,29.5,33.5,11.38,,3.16,
,12078,Marquis,Estill,Marquis Estill,PF-C,30.0,36.0,12.92,,3.31,7.0
,2551,T.J.,Ford,T.J. Ford,PG,32.5,39.5,11.45,,3.2,0.0
,12079,Jason,Gardner,Jason Gardner,PG,30.5,35.0,10.62,,3.17,10.0
,2584,Willie,Green,Willie Green,SG-PG,28.5,28.5,11.86,,3.19,13.0
,12080,Justin,Hamilton,Justin Hamilton,PG-SG,30.0,37.5,11.18,,3.18,17.0
,2580,Travis,Hansen,Travis Hansen,SG,31.5,35.0,10.72,,3.18,16.0
,12081,Trevor,Harvey,Trevor Harvey,C-PF,29.5,32.0,11.85,,3.32,11.0
,2618,Marcus,Hatten,Marcus Hatten,PG,29.5,37.5,11.5,,3.15,7.0
,2550,Kirk,Hinrich,Kirk Hinrich,PG-SG,29.0,33.5,10.98,,3.1,10.0
,12082,Jerry,Holman,Jerry Holman,PF,33.0,37.5,11.54,,3.24,11.0
,12083,Sam,Hoskin,Sam Hoskin,PF,,,,,,24.0
,2572,Josh,Howard,Josh Howard,SF-SG,33.0,36.5,10.89,,3.09,4.0
,2599,Brandon,Hunter,Brandon Hunter,PF,32.5,35.0,11.13,,3.21,25.0
,12084,Sani,Ibrahim,Sani Ibrahim,C-PF,26.0,30.5,13.02,,3.4,12.0
,12085,Michael,Ignerski,Michael Ignerski,PF-SF,26.5,33.0,11.21,,3.13,10.0
,12086,Robert,Jackson,Robert Jackson,PF-C,23.5,26.0,11.26,,3.25,15.0
,2544,LeBron,James,LeBron James,SF-SG,,,,,,
,2639,Britton,Johnsen,Britton Johnsen,SF-PF,26.5,32.5,10.67,,3.08,13.0
,2563,Dahntay,Jones,Dahntay Jones,SG-SF,30.0,39.5,10.91,,3.11,
,2592,James,Jones,James Jones,SF,30.5,33.0,11.18,,3.19,9.0
,2549,Chris,Kaman,Chris Kaman,C-PF,23.5,30.5,11.33,,3.37,15.0
,2574,Jason,Kapono,Jason Kapono,SG-SF,23.5,30.0,11.04,,3.38,8.0
,12087,Jason,Keep,Jason Keep,C-PF,29.5,34.0,11.18,,3.3,27.0
,12088,Bernard,King,Bernard King,SG-PG,28.0,33.5,11.37,,3.18,11.0
,2688,Brandin,Knight,Brandin Knight,PG,,,,,,6.0
,2594,Kyle,Korver,Kyle Korver,SF,25.5,31.5,11.42,,3.47,13.0
,2591,James,Lang,James Lang,C-PF,24.5,32.0,14.01,,3.55,8.0
,12089,Donald,Little,Donald Little,PF-C,33.0,37.0,11.18,,3.2,18.0
,2658,Chris,Marcus,Chris Marcus,C,,,,,,12.0
,12090,Chris,Massie,Chris Massie,PF-C,26.5,33.0,12.48,,3.22,13.0
,12091,Will,McDonald,Will McDonald,C-PF,25.0,32.5,11.83,,3.42,17.0
,2545,Darko,Milicic,Darko Milicic,PF,26.5,32.5,11.3,,3.36,13.0
,12092,Jeff,Newton,Jeff Newton,PF,27.5,34.0,11.18,,3.23,9.0
,12093,Uche,Nsonwu-Amadi,Uche Nsonwu-Amadi,PF-C,27.5,29.0,11.83,,3.25,21.0
,12094,Ugonna,Okyekwe,Ugonna Okyekwe,SF,32.0,36.5,11.43,,3.2,8.0
,101248,Marlon,Parmer,Marlon Parmer,PG,28.0,32.0,,,3.42,13.0
,12095,Stephane,Pelle,Stephane Pelle,PF-SF,28.5,33.0,11.37,,3.27,17.0
,2632,Kirk,Penney,Kirk Penney,SG-SF,32.0,35.5,10.44,,3.04,15.0
,2750,Pavel,Podkolzin,Pavel Podkolzin,C,19.5,22.5,13.4,,3.8,5.0
,2694,Josh,Powell,Josh Powell,PF-SF,32.5,38.5,11.72,,3.2,15.0
,12096,Hollis,Price,Hollis Price,PG-SG,27.5,33.0,10.72,,3.25,1.0
,2557,Luke,Ridnour,Luke Ridnour,PG,26.0,32.5,11.0,,3.28,0.0
,12097,Joe,Shipp,Joe Shipp,SG,29.0,34.5,11.75,,3.2,17.0
,12098,Ron,Slay,Ron Slay,SF-PF,28.5,31.5,12.01,,3.43,10.0
,2604,Theron,Smith,Theron Smith,PF-SF,28.5,32.0,10.99,,3.1,25.0
,2596,Tommy,Smith,Tommy Smith,PF-SF,30.0,33.0,11.54,,3.14,2.0
,12099,Marvin,Stone,Marvin Stone,C-PF,25.5,27.5,12.1,,3.5,9.0
,2552,Michael,Sweetney,Michael Sweetney,PF,26.0,31.5,12.9,,3.28,3.0
,2756,Sasha,Vujacic,Sasha Vujacic,PG-SG,,,,,,0.0
,2548,Dwyane,Wade,Dwyane Wade,SG-SF,31.5,35.0,10.56,,3.08,9.0
,12101,Wayne,Wallace,Wayne Wallace,PF,29.5,36.0,11.85,,3.24,6.0
,2575,Luke,Walton,Luke Walton,SF-PF,28.0,,,,,12.0
,2561,David,West,David West,PF-SF,28.5,31.5,12.18,,3.43,11.0
,2590,Mo,Williams,Mo Williams,PG-SG,,,,,,3.0
,12102,Wesley,Wilson,Wesley Wilson,C-PF,27.0,30.5,12.19,,3.3,20.0
,12103,Doug,Wrenn,Doug Wrenn,SF-PF,34.5,41.0,11.38,,3.17,15.0
,2583,Derrick,Zimmerman,Derrick Zimmerman,PG,34.0,40.5,11.09,,3.1,13.0
,2754,Tony,Allen,Tony Allen,SG,31.5,36.5,10.7,,3.19,17.0
,2772,Trevor,Ariza,Trevor Ariza,SG-SF,29.5,32.0,11.63,,3.29,8.0
,2857,Andre,Barrett,Andre Barrett,PG,29.0,34.5,10.63,,3.08,13.0
,101138,Brandon,Bass,Brandon Bass,PF,31.5,33.0,11.61,,3.24,18.0
,2740,Andris,Biedrins,Andris Biedrins,C,,,,,,
,2800,Tony,Bobbitt,Tony Bobbitt,SG,,,,,,1.0
,12173,Brian,Boddicker,Brian Boddicker,SF-PF,28.0,30.0,10.93,,3.25,16.0
,12174,Tim,Bowers,Tim Bowers,PG-SG,37.0,43.5,11.24,,3.21,13.0
,2810,Andre,Brown,Andre Brown,PF-C,32.0,35.5,11.7,,3.22,18.0
,2766,Antonio,Burks,Antonio Burks,PG,,,,,,9.0
,2866,Jackie,Butler,Jackie Butler,C,23.0,25.0,13.32,,3.4,14.0
,12175,Aleksandar,Capin,Aleksandar Capin,PG,23.0,29.0,11.5,,3.27,4.0
,12176,Ales,Chan,Ales Chan,C,21.0,29.0,12.9,,3.62,2.0
,2735,Josh,Childress,Josh Childress,SG-SF,29.0,36.0,11.95,,3.38,11.0
,200555,TJ,Cummings,TJ Cummings,SF,27.0,31.0,11.58,,3.12,6.0
,2845,Erik,Daniels,Erik Daniels,SF-PF,31.0,32.0,11.38,,3.19,4.0
,2736,Luol,Deng,Luol Deng,SF,27.5,31.5,11.46,,3.34,5.0
,12177,Marcus,Douthit,Marcus Douthit,C-PF,25.5,31.5,11.64,,3.34,1.0
,2768,Chris,Duhon,Chris Duhon,PG,31.5,35.0,10.45,,3.14,7.0
,2823,John,Edwards,John Edwards,C,,,,,,15.0
,2765,Andre,Emmett,Andre Emmett,SG-SF,,,,,,
,2824,Desmon,Farmer,Desmon Farmer,SG,24.0,31.0,10.89,,3.2,12.0
,2784,Luis,Flores,Luis Flores,PG-SG,29.0,32.0,10.97,,3.1,15.0
,2782,Matt,Freije,Matt Freije,SF-PF,29.5,31.0,11.15,,3.25,13.0
,12178,Chris,Garnett,Chris Garnett,C-PF,27.0,31.5,11.75,,3.36,22.0
,101155,Ryan,Gomes,Ryan Gomes,SF-PF,26.5,30.5,12.49,,3.24,9.0
,2732,Ben,Gordon,Ben Gordon,PG-SG,31.5,37.5,11.28,,3.19,12.0
,2734,Devin,Harris,Devin Harris,PG,30.5,37.0,11.03,,3.19,5.0
,2730,Dwight,Howard,Dwight Howard,PF-C,30.5,35.5,11.21,,3.14,7.0
,12179,Rolando,Howell,Rolando Howell,PF,28.5,34.5,11.91,,3.28,
,2743,Kris,Humphries,Kris Humphries,PF,29.5,36.0,11.33,,3.2,22.0
,2738,Andre,Iguodala,Andre Iguodala,SG-SF,30.5,34.5,11.17,,3.18,4.0
,12180,Martin,Iti,Martin Iti,C-PF,26.5,32.5,12.28,,3.41,13.0
,2739,Luke,Jackson,Luke Jackson,SF-SG,26.5,36.0,11.1,,3.24,13.0
,2744,Al,Jefferson,Al Jefferson,PF-SF,28.5,30.0,13.08,,3.29,3.0
,2865,Arthur,Johnson,Arthur Johnson,PF-C,26.5,28.5,11.81,,3.38,14.0
,12181,Ivan,Koljevic,Ivan Koljevic,PG,26.0,28.5,11.07,,3.28,4.0
,12182,Herve,Lamizana,Herve Lamizana,SF-PF,,,,,,
,2778,Sergei,Lishouk,Sergei Lishouk,PF-SF,,,,,,
,2733,Shaun,Livingston,Shaun Livingston,PG-SG,26.5,30.0,10.72,,3.23,
,12184,Jaime,Lloreda,Jaime Lloreda,PF,25.5,29.5,12.93,,3.23,6.0
,12000,Bryant,Matthews,Bryant Matthews,SF-SG,29.0,34.5,11.08,,3.13,13.0
,12001,Marcus,Melvin,Marcus Melvin,SF-PF,25.0,30.5,11.81,,3.33,11.0
,2822,Rich,Melzer,Rich Melzer,PF-SF,24.5,28.5,11.74,,3.39,8.0
,2777,Ricky,Minard,Ricky Minard,PG-SG,27.5,33.0,10.94,,3.1,13.0
,12002,James,Moore,James Moore,PF-SF,28.5,32.5,11.01,,3.21,
,12003,Marcus,Moore,Marcus Moore,PG-SG,25.0,30.0,11.31,,3.34,
,12004,Michel,Morandais,Michel Morandais,SG-SF,30.5,33.5,11.45,,3.22,16.0
,2749,Jameer,Nelson,Jameer Nelson,PG,28.5,33.5,10.95,,3.14,15.0
,12005,Misan,Nikagbatse,Misan Nikagbatse,SG-PG,27.5,32.5,11.27,,3.32,11.0
,2731,Emeka,Okafor,Emeka Okafor,C-PF,31.5,34.0,12.32,,3.15,22.0
,12006,Randall,Orr,Randall Orr,PF-SF,26.5,33.0,11.18,,3.27,6.0
,12007,Dylan,Page,Dylan Page,SF,26.0,30.0,10.99,,3.4,17.0
,-1,Drago,Pasalic,Drago Pasalic,PF,25.5,30.0,12.97,,3.56,8.0
,12008,Rickey,Paulding,Rickey Paulding,SG,30.0,36.0,11.14,,3.17,17.0
,12009,Kelvin,Pena,Kelvin Pena,SG-PG,27.5,32.5,11.5,,3.24,1.0
,2773,Tim,Pickett,Tim Pickett,PG-SG,,,,,,
,12010,Omar,Quintero,Omar Quintero,PG,25.0,29.0,11.37,,3.25,2.0
,2762,Peter,Ramos,Peter Ramos,C,24.0,26.5,12.61,,3.6,2.0
,2876,Jared,Reiner,Jared Reiner,C-PF,22.0,26.0,12.65,,3.56,15.0
,101160,Lawrence,Roberts,Lawrence Roberts,PF,27.5,33.0,12.52,,3.3,18.0
,2774,Bernard,Robinson,Bernard Robinson,SG-SF,28.5,34.5,10.91,,3.17,14.0
,101126,Nate,Robinson,Nate Robinson,PG,35.5,43.5,10.75,,2.96,13.0
,12011,Aerick,Sanders,Aerick Sanders,PF,24.5,30.5,11.98,,3.37,9.0
,2781,Romain,Sato,Romain Sato,SG,31.5,35.5,11.27,,3.18,8.0
,12012,Blagota,Sekulic,Blagota Sekulic,SF-PF,23.5,31.5,10.93,,3.39,8.0
,2746,Josh,Smith,Josh Smith,SG-SF,32.5,39.5,11.43,,3.24,12.0
,2747,J.R.,Smith,J.R. Smith,SG-SF,29.0,35.5,10.93,,3.21,5.0
,2745,Kirk,Snyder,Kirk Snyder,SG-SF,30.0,35.0,10.79,,3.13,19.0
,2776,Pape,Sow,Pape Sow,PF-C,28.0,31.5,12.13,,3.27,18.0
,12014,Tiago,Splitter,Tiago Splitter,C-PF,26.0,31.5,11.65,,3.38,8.0
,12015,Blake,Stepp,Blake Stepp,PG,,,,,,
,12016,Tom,Timmerrmans,Tom Timmerrmans,PF-C,23.0,26.5,13.13,,3.63,15.0
,12296,Marko,Tomas,Marko Tomas,SG-PG,32.0,31.5,11.8,,3.23,
,2757,Beno,Udrih,Beno Udrih,PG,,,,,,2.0
,2761,Jackson,Vroman,Jackson Vroman,PF-C,29.5,33.5,10.75,,3.25,12.0
,2753,Delonte,West,Delonte West,PG-SG,30.0,35.0,11.2,,3.15,12.0
,2863,Damien,Wilkins,Damien Wilkins,SG-SF,26.5,31.0,11.92,,3.15,15.0
,12292,Mike,Williams,Mike Williams,SF,23.5,27.5,11.59,,3.42,
,12293,Nate,Williams,Nate Williams,PF-SF,23.5,26.0,12.6,,3.35,1.0
,12294,Rashad,Wright,Rashad Wright,PG,28.5,32.5,11.15,,3.28,10.0
,101165,Alex,Acker,Alex Acker,SG,28.0,32.0,11.67,,3.35,11.0
,101224,Deji,Akindele,Deji Akindele,C-PF,30.5,32.5,12.58,,3.35,13.0
,200969,Mustafa,Al-Sayyad,Mustafa Al-Sayyad,PF-C,26.5,30.5,11.56,,3.42,
,12104,Nemanja,Aleksandrov,Nemanja Aleksandrov,PF-SF,,,,,,5.0
,101187,Alan,Anderson,Alan Anderson,SG-SF,26.5,30.5,10.32,,3.27,10.0
,101149,Martynas,Andriuskevicius,Martynas Andriuskevicius,C-PF,24.0,27.5,11.94,,3.42,0.0
,101252,Sean,Banks,Sean Banks,SF,25.0,31.5,11.74,,3.35,7.0
,101188,Eddie,Basden,Eddie Basden,SG-SF,33.0,36.5,10.52,,3.21,14.0
,12105,Mike,Bell,Mike Bell,SF-PF,33.5,39.5,11.73,,3.29,13.0
,101106,Andrew,Bogut,Andrew Bogut,C-PF,27.5,33.5,12.06,,3.51,13.0
,200793,Dee,Brown,Dee Brown,PG-SG,,,,,,
,101198,Will,Bynum,Will Bynum,PG-SG,33.0,40.5,11.12,,3.0,15.0
,12106,Marcus,Campbell,Marcus Campbell,C,,,,,,9.0
,101215,Will,Conroy,Will Conroy,PG,30.5,36.5,10.51,,3.28,14.0
,12107,Taylor,Coppenrath,Taylor Coppenrath,PF-SF,24.5,27.0,11.51,,3.44,5.0
,101143,Travis,Diener,Travis Diener,PG-SG,24.5,31.0,10.85,,3.26,1.0
,101113,Ike,Diogu,Ike Diogu,PF,28.0,31.0,11.94,,3.45,21.0
,12108,Daryl,Dorsey,Daryl Dorsey,PG,25.0,30.5,11.41,,3.24,0.0
,101145,Monta,Ellis,Monta Ellis,SG-PG,26.5,31.5,12.13,,3.31,0.0
,101109,Raymond,Felton,Raymond Felton,PG,29.0,33.5,10.5,,3.06,6.0
,201164,Rudy,Fernandez,Rudy Fernandez,SG,26.5,35.5,10.48,,3.33,0.0
,12109,D'Or,Fischer,D'Or Fischer,C-PF,28.0,30.5,12.53,,3.5,2.0
,12110,Eddy,Fobbs,Eddy Fobbs,C-PF,29.5,34.0,11.53,,3.28,12.0
,101213,Sharrod,Ford,Sharrod Ford,PF,28.5,37.0,11.92,,3.2,9.0
,101112,Channing,Frye,Channing Frye,PF-C,27.5,31.0,11.6,,3.38,19.0
,101184,Deng,Gai,Deng Gai,PF-C,31.5,35.5,12.51,,3.27,11.0
,101128,Francisco,Garcia,Francisco Garcia,SF-SG,27.5,31.5,10.63,,3.33,5.0
,12111,John,Gilchrist,John Gilchrist,PG,30.5,36.5,11.48,,3.15,12.0
,101162,Marcin,Gortat,Marcin Gortat,PF-C,29.5,36.0,11.48,,3.33,18.0
,101121,Joey,Graham,Joey Graham,SF,30.0,36.0,10.62,,3.05,26.0
,101122,Danny,Granger,Danny Granger,,31.0,34.0,10.84,,3.34,10.0
,101123,Gerald,Green,Gerald Green,SF,31.5,39.0,11.2,,3.21,7.0
,101236,Charles,Hayes,Charles Hayes,SF-PF,30.0,33.0,10.7,,3.34,20.0
,101129,Luther,Head,Luther Head,PG-SG,31.5,38.5,11.12,,3.21,14.0
,101125,Julius,Hodge,Julius Hodge,SG-SF,24.5,29.0,10.89,,3.18,14.0
,12112,Jared,Homan,Jared Homan,C-PF,,,,,,16.0
,101141,Ersan,Ilyasova,Ersan Ilyasova,SF,22.0,30.0,11.59,,3.56,2.0
,101127,Jarrett,Jack,Jarrett Jack,PG,26.0,28.5,10.87,,3.24,5.0
,101204,Dwayne,Jones,Dwayne Jones,C-PF,28.0,31.5,11.87,,3.25,15.0
,12113,Mindaugas,Katelynas,Mindaugas Katelynas,SF-PF,31.5,35.0,11.6,,3.38,7.0
,201318,Jason,Klotz,Jason Klotz,C-PF,21.5,27.0,13.13,,3.68,12.0
,-1,Carl,Krauser,Carl Krauser,PG-SG,26.0,31.0,11.62,,3.38,8.0
,101247,Keith,Langford,Keith Langford,SG-SF,32.0,29.5,11.38,,3.23,8.0
,101135,David,Lee,David Lee,PF,30.5,32.5,10.8,,3.19,14.0
,12114,David,Lucas,David Lucas,PF,,,,,,17.0
,101249,John,Lucas III,John Lucas III,PG,29.0,34.0,10.44,,3.14,4.0
,101185,Rawle,Marshall,Rawle Marshall,SG-SF,30.5,37.0,11.64,,3.21,7.0
,101131,Jason,Maxiell,Jason Maxiell,PF,,,,,,
,101118,Sean,May,Sean May,PF,30.0,33.0,11.04,,3.29,12.0
,101119,Rashad,McCants,Rashad McCants,SG,32.5,34.5,10.39,,3.11,15.0
,200829,Ivan,McFarlin,Ivan McFarlin,PF,26.5,32.0,10.64,,3.27,10.0
,12115,Juan,Mendez,Juan Mendez,PF-SF,29.0,33.0,11.7,,3.24,14.0
,101223,Aaron,Miles,Aaron Miles,PG,32.0,37.5,10.69,,3.22,7.0
,12116,Ellis,Myles,Ellis Myles,PF,26.0,28.5,12.8,,3.42,15.0
,12117,Larry,O'Bannon,Larry O'Bannon,SG,31.5,36.5,11.44,,3.18,17.0
,12118,Drago,Pasalic,Drago Pasalic,SF-PF,25.0,30.5,12.12,,3.48,11.0
,101108,Chris,Paul,Chris Paul,PG,32.0,38.0,11.09,,3.22,10.0
,200819,Kevin,Pittsnogle,Kevin Pittsnogle,PF,,,,,,
,201225,Carlos,Powell,Carlos Powell,SF-PF,27.5,34.5,11.54,,3.21,12.0
,101232,Roger,Powell,Roger Powell,SF,,,,,,
,101179,Ronnie,Price,Ronnie Price,PG,31.5,39.0,10.49,,3.29,11.0
,101194,Anthony,Roberson,Anthony Roberson,PG,31.5,37.0,11.17,,3.19,14.0
,201575,Brandon,Rush,Brandon Rush,SG-SF,32.5,35.0,11.33,,3.31,0.0
,101195,Luke,Schenscher,Luke Schenscher,C,23.5,26.5,12.4,,3.47,1.0
,101134,Wayne,Simien,Wayne Simien,PF,27.0,27.5,11.05,,3.35,11.0
,12120,Tre,Simmons,Tre Simmons,SG-SF,27.0,31.5,10.8,,3.18,3.0
,12121,David,Simon,David Simon,C-PF,28.0,33.0,11.98,,3.44,18.0
,101147,Chris,Taft,Chris Taft,PF,28.5,33.0,11.26,,3.27,14.0
,12119,Omar,Thomas,Omar Thomas,SF-SG,25.0,29.5,11.11,,3.27,6.0
,12122,Chris,Thomas,Chris Thomas,PG,28.5,34.0,10.84,,3.33,14.0
,101159,Dijon,Thompson,Dijon Thompson,SF-SG,,,,,,
,101142,Ronny,Turiaf,Ronny Turiaf,PF,30.5,33.0,11.5,,3.23,15.0
,101111,Charlie,Villanueva,Charlie Villanueva,PF-SF,26.0,31.0,10.86,,3.3,11.0
,101124,Hakim,Warrick,Hakim Warrick,PF-SF,33.0,38.0,,,3.22,11.0
,101110,Martell,Webster,Martell Webster,SF,28.0,30.5,11.39,,3.39,7.0
,101156,Robert,Whaley,Robert Whaley,PF-C,28.5,33.5,12.11,,3.25,15.0
,101114,Deron,Williams,Deron Williams,PG,30.0,35.0,10.83,,3.25,15.0
,101214,Jawad,Williams,Jawad Williams,SF,28.0,34.0,11.39,,3.23,15.0
,101107,Marvin,Williams,Marvin Williams,PF-SF,29.5,35.0,11.11,,3.17,12.0
,101120,Antoine,Wright,Antoine Wright,SF-SG,26.5,29.5,11.45,,3.41,12.0
,101152,Bracey,Wright,Bracey Wright,SG-PG,30.0,36.0,11.58,,3.27,8.0
,12123,Kenny,Adeleke,Kenny Adeleke,PF-C,28.5,30.5,11.57,,3.47,26.0
,200772,Maurice,Ager,Maurice Ager,SG-PG,29.5,35.0,11.73,,3.22,11.0
,200746,LaMarcus,Aldridge,LaMarcus Aldridge,PF-C,26.5,34.0,12.02,,3.43,8.0
,201165,Morris,Almond,Morris Almond,SG-SF,31.0,35.5,11.45,,3.19,13.0
,200811,Lou,Amundson,Lou Amundson,PF,32.0,35.5,10.58,,3.2,14.0
,202151,Rashad,Anderson,Rashad Anderson,SG,27.5,32.5,11.77,,3.48,13.0
,200756,Hilton,Armstrong,Hilton Armstrong,C-PF,28.5,31.5,12.28,,3.53,13.0
,200788,James,Augustine,James Augustine,PF,30.0,32.5,10.54,,3.25,13.0
,200764,Renaldo,Balkman,Renaldo Balkman,SF-PF,30.5,35.0,11.58,,3.22,9.0
,12124,J.P.,Batista,J.P. Batista,PF,26.0,30.5,11.62,,3.38,26.0
,200807,Will,Blalock,Will Blalock,PG,35.0,40.0,11.08,,3.18,8.0
,200847,Brandon,Bowman,Brandon Bowman,SF,31.0,34.0,11.41,,3.31,24.0
,200758,Ronnie,Brewer,Ronnie Brewer,SG-PG,35.0,41.0,11.32,,3.14,19.0
,200787,Denham,Brown,Denham Brown,SG-SF,28.0,34.5,11.42,,3.25,12.0
,12125,Brad,Buckman,Brad Buckman,PF,25.5,30.5,12.26,,3.54,10.0
,12126,Nik,Caner-Medley,Nik Caner-Medley,SF,28.5,35.5,10.57,,3.21,17.0
,200760,Rodney,Carney,Rodney Carney,SG-SF,32.0,38.5,10.57,,3.06,10.0
,12127,Keydren,Clark,Keydren Clark,PG,31.0,34.0,11.03,,3.11,13.0
,200776,Mardy,Collins,Mardy Collins,PG-SG,31.5,37.5,12.0,,3.27,9.0
,12128,Taquan,Dean,Taquan Dean,SG-PG,30.5,34.5,10.53,,3.2,16.0
,12129,Terence,Dials,Terence Dials,PF-C,26.5,30.0,11.54,,3.5,16.0
,12130,Sean,Dockery,Sean Dockery,PG-SG,29.0,33.0,10.88,,3.34,4.0
,200770,Jordan,Farmar,Jordan Farmar,PG,33.5,42.0,11.07,,3.17,11.0
,200751,Randy,Foye,Randy Foye,SG-PG,32.0,38.0,10.53,,3.23,14.0
,12185,Torin,Francis,Torin Francis,PF-C,26.5,32.0,11.97,,3.51,9.0
,200752,Rudy,Gay,Rudy Gay,SF-PF,33.0,40.5,11.03,,3.32,9.0
,12186,Nick,George,Nick George,SF-SG,30.5,38.0,11.69,,3.25,14.0
,12187,Taj,Gray,Taj Gray,PF-SF,28.5,33.0,11.02,,3.45,10.0
,12188,Dan,Grunfeld,Dan Grunfeld,SF-SG,28.0,33.5,11.3,,3.46,16.0
,12189,Matt,Haryasz,Matt Haryasz,PF-C,27.5,31.5,11.34,,3.46,10.0
,12190,Eric,Hicks,Eric Hicks,PF,30.0,34.0,12.06,,3.34,20.0
,12191,Tedric,Hill,Tedric Hill,SF-PF,30.0,36.5,12.23,,3.24,1.0
,200812,Daniel,Horton,Daniel Horton,PG-SG,30.0,36.5,10.35,,3.16,17.0
,200784,Bobby,Jones,Bobby Jones,SF-SG,28.5,34.5,11.23,,3.28,15.0
,200780,Solomon,Jones,Solomon Jones,PF-C,32.0,39.0,11.27,,3.3,6.0
,12192,Viktor,Keyru,Viktor Keyru,SG-PG,29.0,34.5,11.4,,3.24,11.0
,12193,Marco,Killingsworth,Marco Killingsworth,PF,28.0,32.0,11.42,,3.34,13.0
,200814,Tarence,Kinsey,Tarence Kinsey,SF-SG,29.0,35.5,10.67,,3.3,5.0
,12194,Carl,Krauser,Carl Krauser,PG,26.0,31.0,11.62,,3.38,8.0
,200840,Chris,McCray,Chris McCray,SG,30.5,39.0,11.46,,3.34,1.0
,201019,Gerry,McNamara,Gerry McNamara,PG-SG,27.0,32.0,11.28,,3.4,3.0
,200822,Pops,Mensah-Bonsu,Pops Mensah-Bonsu,PF-C,31.5,36.0,11.47,,3.29,19.0
,200859,Paul,Miller,Paul Miller,PF-C,29.0,35.5,12.25,,3.66,25.0
,200794,Paul,Millsap,Paul Millsap,PF,28.5,32.5,11.67,,3.3,15.0
,201383,Dwayne,Mitchell,Dwayne Mitchell,SG-SF,37.5,41.5,11.45,,3.16,17.0
,200747,Adam,Morrison,Adam Morrison,SF,25.5,30.5,11.46,,3.37,11.0
,12195,Yemi,Nicholson,Yemi Nicholson,PF-C,26.5,26.0,12.57,,3.65,8.0
,200786,David,Noel,David Noel,SF-SG,34.5,38.5,10.54,,3.07,20.0
,200779,Steve,Novak,Steve Novak,SF,24.5,31.0,11.11,,3.37,5.0
,200753,Patrick,O'Bryant,Patrick O'Bryant,C,26.5,30.0,12.68,,3.63,13.0
,12196,Danilo,Pinnock,Danilo Pinnock,PG-SG,29.5,35.5,11.91,,3.08,7.0
,200809,Chris,Quinn,Chris Quinn,PG-SG,32.0,37.0,11.25,,3.25,7.0
,200810,Allan,Ray,Allan Ray,SG,28.5,35.5,11.01,,3.2,9.0
,200755,JJ,Redick,JJ Redick,SG,27.5,33.0,10.94,,3.29,6.0
,201015,Antywane,Robinson,Antywane Robinson,SF-PF,29.0,32.5,11.73,,3.4,12.0
,200750,Brandon,Roy,Brandon Roy,SG-SF,34.0,40.5,11.13,,3.27,6.0
,-1,Blake,Schilb,Blake Schilb,PG-SG,28.5,34.5,11.25,,3.43,13.0
,200754,Mouhamed,Sene,Mouhamed Sene,C,28.5,31.0,12.52,,3.38,7.0
,200759,Cedric,Simmons,Cedric Simmons,PF-C,30.5,35.0,11.05,,3.31,15.0
,201201,Marcus,Slaughter,Marcus Slaughter,PF-SF,30.0,34.0,11.56,,3.4,9.0
,200783,Craig,Smith,Craig Smith,PF,30.0,29.5,11.59,,3.4,
,200848,Steven,Smith,Steven Smith,SF-PF,29.5,34.5,12.08,,3.4,15.0
,23033,Michael,Southhall,Michael Southhall,C,31.5,37.0,12.29,,3.51,2.0
,12199,Frans,Steyn,Frans Steyn,C,28.5,29.5,11.67,,3.38,
,201028,Curtis,Stinson,Curtis Stinson,SG,28.0,31.5,10.95,,3.27,17.0
,200748,Tyrus,Thomas,Tyrus Thomas,PF-SF,34.0,39.5,11.36,,3.2,8.0
,12200,Joah,Tucker,Joah Tucker,SF-SG,29.0,34.0,11.58,,3.31,19.0
,12201,Ian,Vouyoukas,Ian Vouyoukas,C-PF,23.0,28.0,13.7,,3.72,8.0
,200827,Darius,Washington,Darius Washington,PG,29.0,37.5,10.71,,3.26,9.0
,201228,CJ,Watson,CJ Watson,PG,31.5,34.0,11.61,,3.15,12.0
,12203,Eric,Williams,Eric Williams,C-PF,28.5,29.0,11.71,,3.56,17.0
,200818,Justin,Williams,Justin Williams,C-PF,26.5,31.5,11.9,,3.31,7.0
,200766,Marcus,Williams,Marcus Williams,PG,24.5,28.0,11.3,,3.4,4.0
,200761,Shawne,Williams,Shawne Williams,SF-PF,32.0,31.0,10.69,,3.3,
,200749,Shelden,Williams,Shelden Williams,PF-C,29.0,33.5,11.53,,3.59,25.0
,202124,Curtis,Withers,Curtis Withers,PF-SF,35.0,36.5,11.54,,3.1,14.0
,12204,Mohamed,Abukar,Mohamed Abukar,SF,30.5,35.0,11.78,,3.37,15.0
,12205,Mario,Boggan,Mario Boggan,PF,24.0,26.5,12.18,,3.45,12.0
,12206,Craig,Bradshaw,Craig Bradshaw,PF,26.0,28.0,11.88,,3.54,12.0
,201147,Corey,Brewer,Corey Brewer,SF-SG,30.5,36.5,11.69,,3.22,11.0
,201166,Aaron,Brooks,Aaron Brooks,PG,32.5,39.5,10.57,,3.2,6.0
,201628,Bobby,Brown,Bobby Brown,PG,32.5,41.0,11.27,,3.25,3.0
,201469,Russell,Carter,Russell Carter,SG,33.0,38.5,11.61,,3.29,25.0
,12207,Coleman,Collins,Coleman Collins,PF,30.0,35.0,11.47,,,21.0
,201144,Mike,Conley,Mike Conley,PG,35.5,40.5,11.63,,3.09,13.0
,201161,Daequan,Cook,Daequan Cook,SG,30.0,34.5,11.12,,3.22,4.0
,12208,Ryvon,Covile,Ryvon Covile,C-PF,25.0,30.5,12.52,,3.37,19.0
,201159,Javaris,Crittenton,Javaris Crittenton,PG,32.5,38.0,11.6,,3.32,11.0
,201176,Jermareo,Davidson,Jermareo Davidson,PF,27.0,30.0,12.63,,3.53,7.0
,12209,Justin,Doellman,Justin Doellman,PF,,,,,,19.0
,12210,Zabian,Dowdell,Zabian Dowdell,PG,30.0,33.5,11.13,,3.29,3.0
,201162,Jared,Dudley,Jared Dudley,SF,28.0,32.0,11.32,,3.45,14.0
,201142,Kevin,Durant,Kevin Durant,SF-PF,26.0,33.5,12.33,,3.45,0.0
,12211,Rashaun,Freeman,Rashaun Freeman,PF,28.0,32.0,11.43,,3.41,20.0
,201189,Aaron,Gray,Aaron Gray,C,27.0,32.5,12.07,,3.7,17.0
,12212,Caleb,Green,Caleb Green,PF,28.5,36.0,11.72,,3.46,9.0
,201145,Jeff,Green,Jeff Green,SF,33.5,38.0,12.0,,3.34,17.0
,201192,Taurean,Green,Taurean Green,PG,29.0,32.5,11.3,,3.26,8.0
,201150,Spencer,Hawes,Spencer Hawes,PF,26.0,29.0,11.88,,3.51,9.0
,12214,Brandon,Heath,Brandon Heath,PG,32.0,36.0,11.39,,3.28,11.0
,201195,Herbert,Hill,Herbert Hill,C,30.5,34.0,12.31,,3.39,15.0
,201143,Al,Horford,Al Horford,PF,31.0,35.5,12.15,,3.37,20.0
,12215,Quinton,Hosley,Quinton Hosley,SF-SG,28.5,34.0,12.47,,3.32,12.0
,12216,James,Hughes,James Hughes,C,31.0,33.0,13.31,,3.37,8.0
,12217,Jeremy,Hunt,Jeremy Hunt,SG,30.5,33.0,12.11,,3.29,10.0
,12218,Ekene,Ibekwe,Ekene Ibekwe,PF,34.5,39.0,11.0,,3.28,10.0
,12219,Dominic,James,Dominic James,PG,33.5,38.5,10.94,,3.11,14.0
,201234,Trey,Johnson,Trey Johnson,SG,26.5,35.0,11.78,,3.31,18.0
,12220,Rashad,Jones-Jennings,Rashad Jones-Jennings,PF,25.0,30.0,12.18,,3.29,20.0
,201185,Jared,Jordan,Jared Jordan,PG,24.5,28.5,11.02,,3.39,6.0
,201207,Coby,Karl,Coby Karl,SG-PG,32.0,34.5,11.57,,3.41,9.0
,12221,Antanas,Kavaliauskas,Antanas Kavaliauskas,PF,25.5,30.0,11.19,,3.42,19.0
,201171,Carl,Landry,Carl Landry,PF,31.5,36.5,11.35,,3.29,21.0
,201186,Stephane,Lasme,Stephane Lasme,PF,29.5,36.0,11.73,,3.22,17.0
,201151,Acie,Law,Acie Law,PG,29.0,34.0,11.0,,3.22,8.0
,12222,Marko,Lekic,Marko Lekic,C,24.0,30.5,11.96,,3.43,19.0
,12223,Ron,Lewis,Ron Lewis,SG,33.0,38.0,11.59,,3.22,16.0
,201858,Cartier,Martin,Cartier Martin,SF,27.0,29.5,12.1,,3.43,11.0
,201187,Dominic,McGuire,Dominic McGuire,SF,28.5,34.5,10.95,,3.25,12.0
,201177,Josh,McRoberts,Josh McRoberts,PF,27.5,31.5,11.7,,3.47,12.0
,201197,Sammy,Mejia,Sammy Mejia,SG,27.0,31.5,11.87,,3.49,7.0
,12224,Brad,Newley,Brad Newley,SG,29.5,31.5,11.77,,3.29,3.0
,201193,Demetris,Nichols,Demetris Nichols,SF,28.5,32.5,10.39,,3.38,16.0
,201149,Joakim,Noah,Joakim Noah,PF,32.5,37.5,11.79,,3.47,12.0
,201141,Greg,Oden,Greg Oden,C,32.0,34.0,11.67,,3.27,
,12225,Ivan,Radenovic,Ivan Radenovic,PF,23.0,28.0,11.61,,3.6,7.0
,12226,JR,Reynolds,JR Reynolds,PG,27.5,34.5,11.69,,3.24,15.0
,201181,Chris,Richard,Chris Richard,PF,26.5,30.5,11.39,,3.29,15.0
,12227,Dustin,Salisbery,Dustin Salisbery,SG,34.0,38.0,11.07,,3.12,11.0
,12228,Blake,Schilb,Blake Schilb,SG,26.5,33.5,11.63,,3.36,11.0
,12229,Renaldas,Seibutis,Renaldas Seibutis,SG,24.0,32.5,11.33,,3.39,1.0
,201196,Ramon,Sessions,Ramon Sessions,PG,29.5,33.5,11.65,,3.27,8.0
,201203,Mustafa,Shakur,Mustafa Shakur,PG,28.5,35.0,11.82,,3.27,11.0
,201160,Jason,Smith,Jason Smith,PF,33.5,37.5,10.96,,3.29,15.0
,201199,DJ,Strawberry,DJ Strawberry,SG,28.5,35.0,10.87,,3.14,21.0
,201155,Rodney,Stuckey,Rodney Stuckey,SG-PG,30.5,35.0,11.34,,3.11,14.0
,12230,Curtis,Sumpter,Curtis Sumpter,SF,27.5,32.5,11.3,,3.22,12.0
,201180,Yue,Sun,Yue Sun,SF,29.0,34.0,10.68,,3.45,9.0
,201249,Jamaal,Tatum,Jamaal Tatum,PG,28.5,33.0,11.51,,3.22,7.0
,12232,Reyshawn,Terry,Reyshawn Terry,SF,31.0,37.5,11.76,,3.26,18.0
,201154,Al,Thornton,Al Thornton,SF,35.0,41.0,11.96,,3.16,9.0
,201229,Anthony,Tolliver,Anthony Tolliver,PF,28.5,30.0,11.49,,3.29,21.0
,12233,Ali,Traore,Ali Traore,C-PF,25.0,29.0,12.16,,3.52,11.0
,12234,Kyle,Visser,Kyle Visser,C,26.0,29.0,12.6,,3.39,18.0
,201208,Darryl,Watkins,Darryl Watkins,C,26.5,31.0,11.65,,3.56,14.0
,12235,Major,Wingate,Major Wingate,C,27.5,30.5,12.14,,3.47,15.0
,12236,DaShaun,Wood,DaShaun Wood,PG,31.5,34.5,11.4,,3.23,13.0
,201148,Brandan,Wright,Brandan Wright,PF,30.5,35.5,11.76,,3.31,2.0
,201153,Julian,Wright,Julian Wright,SF-PF,28.5,33.5,11.48,,3.36,2.0
,12237,Avis,Wyatt,Avis Wyatt,PF,27.5,32.0,11.46,,3.23,12.0
,201146,Jianlian,Yi,Jianlian Yi,,,,,,,
,201156,Nick,Young,Nick Young,SG-SF,39.5,40.5,11.0,,3.25,6.0
,201152,Thaddeus,Young,Thaddeus Young,SF,34.5,37.0,11.06,,3.19,13.0
,201570,Joe,Alexander,Joe Alexander,SF-PF,32.5,38.5,11.33,,2.99,24.0
,201589,Darrell,Arthur,Darrell Arthur,PF,28.5,30.0,12.18,,3.14,12.0
,201571,D.J.,Augustin,D.J. Augustin,PG,28.5,35.0,11.27,,3.07,2.0
,201573,Jerryd,Bayless,Jerryd Bayless,PG-SG,31.0,38.0,11.26,,3.07,10.0
,201563,Michael,Beasley,Michael Beasley,PF-SF,30.0,35.0,11.06,,3.24,19.0
,12239,Ramel,Bradley,Ramel Bradley,PG-SG,24.5,29.5,10.68,,3.24,9.0
,12240,Tyrone,Brazelton,Tyrone Brazelton,PG,30.0,34.0,11.59,,3.25,8.0
,12241,Takais,Brown,Takais Brown,PF,29.0,31.0,12.47,,3.25,22.0
,201812,Keith,Brumbaugh,Keith Brumbaugh,SF-PF,26.0,27.0,11.65,,3.28,2.0
,201868,Stanley,Burrell,Stanley Burrell,PG,29.5,34.5,11.19,,3.19,21.0
,12242,Brian,Butch,Brian Butch,C-PF,24.0,26.5,11.87,,3.52,9.0
,12243,Jamar,Butler,Jamar Butler,PG,,,,,,15.0
,12244,Pat,Calathes,Pat Calathes,SF-PF,,,,,,7.0
,12245,Joe,Crawford,Joe Crawford,SG,31.0,36.0,11.67,,3.22,13.0
,12246,Chris,Daniels,Chris Daniels,C-PF,26.0,28.5,12.72,,3.56,11.0
,201595,Joey,Dorsey,Joey Dorsey,PF-C,27.5,33.0,11.84,,3.2,19.0
,12247,Marcus,Dove,Marcus Dove,SF-PF,27.5,33.5,11.59,,3.26,10.0
,12248,Josh,Duncan,Josh Duncan,PF,28.0,32.0,12.47,,3.26,26.0
,12249,Frank,Elegar,Frank Elegar,PF,33.5,37.5,11.86,,3.17,11.0
,201607,Patrick,Ewing Jr.,Patrick Ewing Jr.,SF-PF,35.0,42.0,11.77,,3.43,2.0
,201814,Gary,Forbes,Gary Forbes,SG,27.5,33.5,11.45,,3.25,13.0
,12250,Shan,Foster,Shan Foster,SG,30.0,33.0,12.3,,3.24,10.0
,201592,J.R.,Giddens,J.R. Giddens,SG,,,,,,10.0
,12251,James,Gist,James Gist,PF,30.5,35.0,11.37,,3.14,5.0
,12252,Vladimir,Golubovic,Vladimir Golubovic,C,21.5,27.0,12.4,,3.33,15.0
,201569,Eric,Gordon,Eric Gordon,SG,32.0,40.0,10.81,,3.01,15.0
,201863,Kentrell,Gransberry,Kentrell Gransberry,C,24.5,27.5,12.16,,3.32,18.0
,201590,Donte,Greene,Donte Greene,SF-PF,27.5,31.5,11.21,,3.2,2.0
,201612,Malik,Hairston,Malik Hairston,SG,30.5,38.0,11.33,,3.08,13.0
,201614,DeVon,Hardin,DeVon Hardin,C-PF,29.5,32.0,11.49,,3.33,20.0
,201613,Richard,Hendrix,Richard Hendrix,PF,26.5,28.0,10.62,,3.27,13.0
,201588,George,Hill,George Hill,PG,34.0,37.5,12.2,,3.07,9.0
,12254,Kyle,Hines,Kyle Hines,SF-PF,28.5,33.0,12.17,,3.4,16.0
,12255,Jiri,Hubalek,Jiri Hubalek,C-PF,20.5,26.0,12.26,,3.54,2.0
,201991,Lester,Hudson,Lester Hudson,PG,30.5,36.0,11.15,,3.16,12.0
,201629,Othello,Hunter,Othello Hunter,PF-SF,28.0,34.5,11.51,,3.18,7.0
,201616,Darnell,Jackson,Darnell Jackson,PF,27.0,31.0,11.75,,3.26,11.0
,12256,Shawn,James,Shawn James,PF,,,,,,6.0
,12257,Davon,Jefferson,Davon Jefferson,SF,27.0,32.0,12.02,,3.36,2.0
,12258,Joseph,Jones,Joseph Jones,PF,25.5,31.0,11.61,,3.33,16.0
,201599,DeAndre,Jordan,DeAndre Jordan,C,26.0,30.5,12.3,,3.27,8.0
,12253,Sasha,Kaun,Sasha Kaun,C-PF,29.0,32.0,12.06,,3.2,13.0
,12260,Marcelus,Kemp,Marcelus Kemp,SG,26.0,30.0,11.79,,3.39,9.0
,12261,Maarty,Leunen,Maarty Leunen,SF,29.5,34.5,11.57,,3.36,14.0
,201848,Longar,Longar,Longar Longar,C,,,,,,14.0
,201572,Brook,Lopez,Brook Lopez,C,27.5,30.5,12.77,,3.57,7.0
,201567,Kevin,Love,Kevin Love,PF,29.5,35.0,11.17,,3.22,18.0
,12262,Aleks,Maric,Aleks Maric,C,23.0,28.0,11.76,,3.35,15.0
,201564,O.J.,Mayo,O.J. Mayo,SG-PG,30.5,41.0,11.04,,3.14,7.0
,201651,James,Mays,James Mays,PF,29.5,35.0,11.23,,3.19,13.0
,201601,Luc,Mbah a Moute,Luc Mbah a Moute,SF,32.0,38.5,11.71,,3.17,11.0
,201580,JaVale,McGee,JaVale McGee,C-PF,27.0,32.5,12.75,,3.25,7.0
,12263,Drew,Neitzel,Drew Neitzel,PG,25.5,32.0,11.19,,3.2,10.0
,201634,DeMarcus,Nelson,DeMarcus Nelson,PG-SG,34.5,38.5,10.54,,3.13,19.0
,201624,David,Padgett,David Padgett,C-PF,24.0,28.0,12.45,,3.45,17.0
,12264,Jeremy,Pargo,Jeremy Pargo,PG,32.0,37.0,10.65,,3.07,7.0
,12265,Trent,Plaisted,Trent Plaisted,PF,30.5,35.5,11.32,,3.17,14.0
,12266,Quan,Prowell,Quan Prowell,SF-PF,32.0,36.0,11.79,,3.14,16.0
,12267,Shaun,Pruitt,Shaun Pruitt,C-PF,27.0,32.5,11.3,,3.4,10.0
,201576,Anthony,Randolph,Anthony Randolph,PF-SF,29.0,35.0,11.86,,3.26,7.0
,12268,Charles,Rhodes,Charles Rhodes,PF,26.5,33.5,11.51,,3.13,14.0
,12259,John,Riek,John Riek,C,,,,,,
,12269,Brian,Roberts,Brian Roberts,PG,31.5,36.5,10.65,,3.05,10.0
,201781,Russell,Robinson,Russell Robinson,PG,25.0,31.5,11.3,,3.15,8.0
,12270,Richard,Roby,Richard Roby,SG-SF,,,,,,
,201565,Derrick,Rose,Derrick Rose,PG,34.5,40.0,11.69,,3.05,10.0
,201606,Sean,Singletary,Sean Singletary,PG,26.0,,,,,18.0
,12271,Ronald,Steele,Ronald Steele,PG,25.0,29.5,11.08,,3.26,5.0
,12272,Bryce,Taylor,Bryce Taylor,SG,34.5,41.0,11.08,,3.19,16.0
,201446,Mike,Taylor,Mike Taylor,SG-PG,31.0,39.0,10.98,,3.08,2.0
,201872,Mark,Tyndale,Mark Tyndale,SG-SF,27.0,33.5,12.52,,3.14,5.0
,12273,Robert,Vaden,Robert Vaden,SG,26.0,29.5,11.97,,3.4,10.0
,201622,Deron,Washington,Deron Washington,SF,34.0,40.0,11.03,,3.09,7.0
,201603,Sonny,Weems,Sonny Weems,SG-SF,29.0,36.5,10.58,,2.96,12.0
,201566,Russell,Westbrook,Russell Westbrook,PG,30.0,36.5,10.98,,3.08,12.0
,199,Reggie,Williams,Reggie Williams,SG,31.5,36.5,11.32,,3.07,15.0
,202399,Jeff,Adrien,Jeff Adrien,PF,27.5,31.5,11.34,,3.32,16.0
,201965,Jeff,Ayres,Jeff Ayres,PF,31.0,35.0,11.98,,3.14,15.0
,201958,Rodrigue,Beaubois,Rodrigue Beaubois,PG,29.5,39.0,10.49,,3.15,3.0
,201971,DeJuan,Blair,DeJuan Blair,PF,26.0,33.0,11.5,,3.45,18.0
,201974,Derrick,Brown,Derrick Brown,SF-PF,30.5,35.5,11.26,,3.13,20.0
,201978,Chase,Budinger,Chase Budinger,SF-SG,29.5,38.5,11.08,,3.24,10.0
,201960,DeMarre,Carroll,DeMarre Carroll,PF-SF,,,,,,
,201956,Omri,Casspi,Omri Casspi,SF,25.5,32.5,11.15,,3.28,2.0
,12275,Dionte,Christmas,Dionte Christmas,SG,27.0,33.5,10.83,,3.21,3.0
,201947,Earl,Clark,Earl Clark,SF-PF,28.5,33.0,11.17,,3.35,5.0
,201954,Darren,Collison,Darren Collison,PG,30.5,33.5,10.45,,3.1,9.0
,201967,Dante,Cunningham,Dante Cunningham,PF,28.0,35.0,11.18,,3.26,18.0
,201939,Stephen,Curry,Stephen Curry,PG-SG,29.5,35.5,11.07,,3.28,10.0
,201948,Austin,Daye,Austin Daye,SF-PF,25.0,28.0,12.11,,3.55,0.0
,201942,DeMar,DeRozan,DeMar DeRozan,SG-SF,29.0,38.5,11.88,,3.31,5.0
,201962,Toney,Douglas,Toney Douglas,PG,28.0,32.5,10.63,,3.03,15.0
,201961,Wayne,Ellington,Wayne Ellington,SG,31.5,38.0,11.14,,3.2,13.0
,201936,Tyreke,Evans,Tyreke Evans,PG-SG,28.5,34.0,11.81,,3.17,7.0
,201938,Jonny,Flynn,Jonny Flynn,PG,33.0,40.0,10.86,,3.23,10.0
,201959,Taj,Gibson,Taj Gibson,PF,25.5,30.0,11.56,,3.41,12.0
,201980,Danny,Green,Danny Green,SG-SF,29.0,33.0,11.3,,3.3,15.0
,201933,Blake,Griffin,Blake Griffin,PF,32.0,35.5,10.95,,3.28,22.0
,201946,Tyler,Hansbrough,Tyler Hansbrough,PF,27.5,34.0,11.12,,3.27,18.0
,201935,James,Harden,James Harden,SG,31.5,37.0,11.1,,3.13,17.0
,201945,Gerald,Henderson,Gerald Henderson,SG-SF,31.5,35.0,11.17,,3.14,8.0
,12278,Josh,Heytvelt,Josh Heytvelt,PF-C,28.5,34.0,11.67,,3.38,15.0
,201941,Jordan,Hill,Jordan Hill,PF-C,31.0,35.0,12.23,,3.3,11.0
,201950,Jrue,Holiday,Jrue Holiday,PG-SG,28.5,34.0,10.64,,3.21,6.0
,12279,Joe,Ingles,Joe Ingles,SF,26.0,31.0,10.66,,3.3,3.0
,201949,James,Johnson,James Johnson,SF-PF,30.5,35.0,11.21,,3.23,18.0
,201951,Ty,Lawson,Ty Lawson,PG,29.0,36.5,10.98,,3.12,14.0
,201953,Eric,Maynor,Eric Maynor,PG,28.5,31.5,10.78,,3.19,8.0
,12282,Jack,McClinton,Jack McClinton,SG-PG,30.0,36.5,10.44,,3.21,13.0
,12283,Jerel,McNeal,Jerel McNeal,SG,31.5,36.5,10.61,,3.25,10.0
,201975,Jodie,Meeks,Jodie Meeks,SG,28.5,37.0,10.96,,3.1,14.0
,201988,Patty,Mills,Patty Mills,PG,27.5,33.0,10.87,,3.1,8.0
,201957,Byron,Mullens,Byron Mullens,C,28.5,32.5,11.1,,3.45,10.0
,201985,A.J.,Price,A.J. Price,PG,26.0,31.0,10.99,,3.22,11.0
,12284,Tyler,Smith,Tyler Smith,SF,29.0,33.5,10.69,,3.24,10.0
,201969,DaJuan,Summers,DaJuan Summers,SF,29.5,34.5,10.94,,3.17,15.0
,201966,Jermaine,Taylor,Jermaine Taylor,SG,34.0,37.5,11.54,,3.32,16.0
,201952,Jeff,Teague,Jeff Teague,PG,30.5,36.5,11.05,,3.18,13.0
,201934,Hasheem,Thabeet,Hasheem Thabeet,C,,,,,,
,201977,Marcus,Thornton,Marcus Thornton,SG,31.0,33.0,10.73,,3.28,14.0
,201944,Terrence,Williams,Terrence Williams,SG-SF,30.5,37.0,11.15,,3.18,9.0
,201970,Sam,Young,Sam Young,SF-SG,27.5,33.0,11.47,,3.45,
,202374,Solomon,Alabi,Solomon Alabi,C,22.5,26.0,13.2,,3.68,10.0
,202332,Cole,Aldrich,Cole Aldrich,C,23.0,28.0,11.48,,3.35,10.0
,202329,Al-Farouq,Aminu,Al-Farouq Aminu,SF,27.0,33.5,11.29,,3.3,13.0
,202341,James,Anderson,James Anderson,SF,30.0,35.5,11.86,,3.19,14.0
,202337,Luke,Babbitt,Luke Babbitt,SF-PF,29.5,37.5,10.98,,3.4,15.0
,202339,Eric,Bledsoe,Eric Bledsoe,PG,,,,,,9.0
,202344,Trevor,Booker,Trevor Booker,PF,31.0,36.0,11.15,,3.1,22.0
,202342,Craig,Brackins,Craig Brackins,PF-SF,26.0,35.0,11.65,,3.39,6.0
,202340,Avery,Bradley,Avery Bradley,SG-PG,31.5,37.5,11.47,,3.14,2.0
,202382,Derrick,Caracter,Derrick Caracter,PF,25.0,30.5,12.78,,3.61,22.0
,202395,Sherron,Collins,Sherron Collins,PG,27.5,33.0,12.31,,3.24,
,202326,DeMarcus,Cousins,DeMarcus Cousins,C,23.5,27.5,11.4,,3.55,
,202348,Jordan,Crawford,Jordan Crawford,SG,31.5,34.5,11.03,,3.37,7.0
,202334,Ed,Davis,Ed Davis,PF,31.0,36.0,11.7,,3.21,
,202365,Devin,Ebanks,Devin Ebanks,SF,23.5,32.0,11.69,,3.44,6.0
,202324,Derrick,Favors,Derrick Favors,PF,31.5,35.5,11.74,,3.25,14.0
,12316,Keith,Gallon,Keith Gallon,PF-C,23.5,28.5,13.44,,3.7,14.0
,12317,Charles,Garcia,Charles Garcia,SF,24.5,30.5,11.65,,3.23,2.0
,202331,Paul,George,Paul George,SF,,,,,,4.0
,202376,Luke,Harangody,Luke Harangody,PF,24.0,28.5,11.83,,3.41,23.0
,202412,Manny,Harris,Manny Harris,SG,,,,,,11.0
,202351,Lazar,Hayward,Lazar Hayward,SG-SF,31.0,36.0,10.87,,3.31,15.0
,202330,Gordon,Hayward,Gordon Hayward,SF,30.5,34.5,11.73,,3.22,10.0
,202333,Xavier,Henry,Xavier Henry,SG,28.5,36.5,11.1,,3.18,8.0
,202359,Darington,Hobson,Darington Hobson,SG-SF,29.0,34.0,11.68,,3.25,
,202345,Damion,James,Damion James,SF,29.0,33.0,10.89,,3.2,13.0
,202356,Armon,Johnson,Armon Johnson,PG-SG,31.5,38.5,11.25,,3.19,18.0
,202325,Wesley,Johnson,Wesley Johnson,SF,32.0,37.0,11.43,,3.14,16.0
,202346,Dominique,Jones,Dominique Jones,SG,26.0,32.5,10.88,,3.31,19.0
,12329,Jerome,Jordan,Jerome Jordan,C,,,,,,
,12330,Sylven,Landesberg,Sylven Landesberg,SG,28.0,32.0,11.59,,3.36,8.0
,202371,Gani,Lawal,Gani Lawal,PF,27.0,31.5,11.61,,3.24,20.0
,202328,Greg,Monroe,Greg Monroe,PF-C,25.0,29.0,12.1,,3.35,15.0
,202350,Daniel,Orton,Daniel Orton,C,24.0,30.5,12.32,,3.39,13.0
,12334,Artsiom,Parakhouski,Artsiom Parakhouski,C,25.5,26.5,12.07,,3.33,16.0
,202335,Patrick,Patterson,Patrick Patterson,PF,28.5,33.5,11.14,,3.25,17.0
,202354,Dexter,Pittman,Dexter Pittman,PF-C,,,,,,
,202360,Andy,Rautins,Andy Rautins,SG,23.5,30.5,11.27,,3.49,8.0
,12338,Ryan,Richards,Ryan Richards,PF,25.0,28.5,11.33,,3.37,4.0
,202383,Stanley,Robinson,Stanley Robinson,SF,,37.5,11.65,,3.23,6.0
,202336,Larry,Sanders,Larry Sanders,PF-C,25.5,28.0,12.49,,3.27,7.0
,12341,Jon,Scheyer,Jon Scheyer,PG-SG,,,,,,
,202362,Lance,Stephenson,Lance Stephenson,SG,27.0,33.0,11.39,,3.38,10.0
,12343,Mikhail,Torrance,Mikhail Torrance,PG,23.0,32.0,11.43,,3.17,8.0
,202323,Evan,Turner,Evan Turner,SG,27.5,34.5,11.06,,3.27,9.0
,202327,Ekpe,Udoh,Ekpe Udoh,PF,31.0,33.5,11.15,,3.29,10.0
,12346,Jarvis,Varnado,Jarvis Varnado,PF-C,29.5,32.5,11.61,,3.37,3.0
,202349,Greivis,Vasquez,Greivis Vasquez,PG-SG,,,,,,
,202322,John,Wall,John Wall,PG,30.0,39.0,10.84,,3.14,
,202378,Willie,Warren,Willie Warren,SG-PG,23.0,31.5,11.21,,3.5,10.0
,202358,Terrico,White,Terrico White,SG-PG,31.0,40.0,11.38,,3.15,10.0
,202355,Hassan,Whiteside,Hassan Whiteside,C-PF,27.0,31.5,11.83,,3.54,12.0
,202728,Keith,Benson,Keith Benson,C-PF,31.5,36.0,11.88,,3.35,12.0
,202705,Marshon,Brooks,Marshon Brooks,SG,34.0,38.5,10.74,,3.09,5.0
,202692,Alec,Burks,Alec Burks,SG,29.0,36.0,10.96,,3.17,5.0
,202710,Jimmy,Butler,Jimmy Butler,SF,32.0,39.0,11.12,,3.15,14.0
,202708,Norris,Cole,Norris Cole,PG,29.5,38.5,10.07,,3.22,11.0
,202739,Jon,Diebler,Jon Diebler,SG,28.0,35.0,10.94,,3.37,2.0
,12406,Michael,Dunigan,Michael Dunigan,PF-C,29.5,34.5,11.85,,3.27,10.0
,12407,LaceDarius,Dunn,LaceDarius Dunn,SG,26.5,31.0,11.45,,3.27,3.0
,202702,Kenneth,Faried,Kenneth Faried,PF,30.5,35.0,11.35,,3.26,16.0
,12409,James,Fredette,James Fredette,PG,28.0,33.0,10.42,,3.21,14.0
,202726,Andrew,Goudelock,Andrew Goudelock,PG,32.5,37.0,10.33,,3.1,4.0
,202706,Jordan,Hamilton,Jordan Hamilton,SF,25.0,32.0,11.47,,3.3,7.0
,202712,Justin,Harper,Justin Harper,PF-SF,28.5,33.0,11.92,,3.3,19.0
,202699,Tobias,Harris,Tobias Harris,SF-PF,31.5,37.5,10.96,,3.17,12.0
,202715,Tyler,Honeycutt,Tyler Honeycutt,SF,30.0,37.0,11.68,,3.07,
,12415,Scotty,Hopson,Scotty Hopson,SG,32.5,36.0,10.47,,3.18,10.0
,202681,Kyrie,Irving,Kyrie Irving,PG,,,,,,
,12417,Rick,Jackson,Rick Jackson,PF,28.5,33.0,11.51,,3.26,9.0
,202724,Charles,Jenkins,Charles Jenkins,PG-SG,29.5,34.0,11.68,,3.18,16.0
,202707,JaJuan,Johnson,JaJuan Johnson,PF,33.5,38.0,11.21,,3.14,15.0
,202709,Cory,Joseph,Cory Joseph,PG,27.5,35.0,10.75,,3.27,5.0
,202683,Enes,Kanter,Enes Kanter,PF-C,26.0,32.5,11.3,,3.26,14.0
,202688,Brandon,Knight,Brandon Knight,PG,29.0,37.5,10.74,,3.07,10.0
,202723,Malcolm,Lee,Malcolm Lee,SG,30.0,35.5,11.2,,3.09,17.0
,202695,Kawhi,Leonard,Kawhi Leonard,SF,25.5,32.0,11.45,,3.15,3.0
,202727,Travis,Leslie,Travis Leslie,SG,33.0,40.5,11.0,,3.13,10.0
,202720,Jon,Leuer,Jon Leuer,PF,29.5,36.5,10.82,,3.36,14.0
,202732,DeAndre,Liggins,DeAndre Liggins,SF-SG,27.0,31.0,,,3.33,6.0
,12428,David,Lighty,David Lighty,SG,28.5,33.0,10.81,,3.25,15.0
,202714,Shelvin,Mack,Shelvin Mack,PG,32.0,39.0,11.23,,3.18,17.0
,12430,Demetri,McCamey,Demetri McCamey,PG,27.0,33.0,11.55,,3.19,
,202734,E'Twaun,Moore,E'Twaun Moore,SG,32.0,34.5,11.12,,3.31,
,202721,Darius,Morris,Darius Morris,PG-SG,24.5,32.0,11.0,,3.2,12.0
,202694,Marcus,Morris,Marcus Morris,PF-SF,29.0,33.0,,,3.15,11.0
,202693,Markieff,Morris,Markieff Morris,PF,27.0,31.5,,,3.4,11.0
,202718,Chandler,Parsons,Chandler Parsons,SF,25.5,31.5,11.05,,3.29,4.0
,12436,Jereme,Richmond,Jereme Richmond,SF,27.0,33.5,11.74,,3.02,0.0
,202729,Josh,Selby,Josh Selby,SG-PG,29.5,42.0,11.13,,3.2,5.0
,202697,Iman,Shumpert,Iman Shumpert,PG-SG,36.5,42.0,11.1,,3.18,18.0
,202713,Kyle,Singler,Kyle Singler,SF,23.0,30.0,11.22,,3.21,10.0
,202698,Chris,Singleton,Chris Singleton,SF,30.5,37.5,11.33,,3.09,15.0
,12441,Jamie,Skeen,Jamie Skeen,PF,26.0,30.5,12.43,,3.46,10.0
,12442,Gregory,Smith,Gregory Smith,PF-C,29.5,36.0,12.43,,3.36,17.0
,202701,Nolan,Smith,Nolan Smith,PG,28.5,34.0,11.05,,3.17,9.0
,202738,Isaiah,Thomas,Isaiah Thomas,PG,31.5,40.0,10.49,,3.14,13.0
,12445,Malcolm,Thomas,Malcolm Thomas,PF,32.0,36.5,11.31,,3.29,3.0
,202717,Trey,Thompkins,Trey Thompkins,PF,27.5,30.5,11.72,,3.41,15.0
,202691,Klay,Thompson,Klay Thompson,SG,26.5,31.5,10.99,,3.24,5.0
,202684,Tristan,Thompson,Tristan Thompson,PF,30.0,35.0,10.92,,3.26,9.0
,202719,Jeremy,Tyler,Jeremy Tyler,PF-C,28.0,33.5,11.26,,3.29,10.0
,202696,Nikola,Vucevic,Nikola Vucevic,PF-C,23.5,25.0,12.02,,3.27,8.0
,202689,Kemba,Walker,Kemba Walker,PG,32.0,39.5,10.87,,3.16,7.0
,202682,Derrick,Williams,Derrick Williams,PF-SF,29.0,34.5,11.03,,3.23,19.0
,202716,Jordan,Williams,Jordan Williams,PF,25.0,30.5,12.74,,3.45,10.0
,203112,Quincy,Acy,Quincy Acy,PF,32.0,37.0,10.48,,3.28,13.0
,203084,Harrison,Barnes,Harrison Barnes,SF-SG,38.0,39.5,10.93,,3.16,15.0
,203115,Will,Barton,Will Barton,SG-SF,30.0,34.0,12.5,,3.6,0.0
,203078,Bradley,Beal,Bradley Beal,SG,33.0,39.0,10.95,,3.28,8.0
,12458,J'Covan,Brown,J'Covan Brown,PG,26.0,29.5,11.68,,3.47,3.0
,203733,William,Buford,William Buford,SG-SF,27.5,32.5,11.4,,3.43,8.0
,203109,Jae,Crowder,Jae Crowder,SF,31.0,34.5,11.45,,3.37,20.0
,203099,Jared,Cunningham,Jared Cunningham,SG-PG,,,,,,4.0
,203076,Anthony,Davis,Anthony Davis,PF-C,,,,,,
,203134,Marcus,Denmon,Marcus Denmon,SG,33.5,40.0,10.82,,3.19,8.0
,203083,Andre,Drummond,Andre Drummond,C,31.5,33.5,10.83,,3.39,10.0
,203119,Kim,English,Kim English,SG,29.0,36.5,10.59,,3.33,
,203105,Festus,Ezeli,Festus Ezeli,C-PF,34.0,33.5,12.35,,3.29,18.0
,12467,Drew,Gordon,Drew Gordon,PF,29.0,34.0,11.35,,3.49,10.0
,203110,Draymond,Green,Draymond Green,PF-SF,28.0,33.0,11.01,,3.4,9.0
,203254,JaMychal,Green,JaMychal Green,PF,29.5,32.5,10.63,,3.38,19.0
,203090,Maurice,Harkless,Maurice Harkless,SF,32.5,37.0,10.87,,3.25,5.0
,203089,John,Henson,John Henson,PF,25.5,30.0,,,,5.0
,203189,Tu,Holloway,Tu Holloway,PG,28.0,35.0,11.0,,3.42,12.0
,203133,Robbie,Hummel,Robbie Hummel,SF,27.5,30.0,11.56,,3.41,13.0
,203108,Bernard,James,Bernard James,PF,30.0,32.5,11.84,,3.4,6.0
,203098,John,Jenkins,John Jenkins,SG,30.5,36.5,11.36,,3.37,10.0
,203111,Orlando,Johnson,Orlando Johnson,SG,32.0,39.5,10.98,,3.25,13.0
,203130,Darius,Johnson-Odom,Darius Johnson-Odom,SG,33.5,41.5,10.76,,3.21,17.0
,203103,Perry,Jones,Perry Jones,PF-SF,33.0,38.5,11.31,,3.19,11.0
,203093,Terrence,Jones,Terrence Jones,PF-SF,29.5,34.5,11.57,,3.4,12.0
,203158,Kevin,Jones,Kevin Jones,PF,27.5,32.5,11.94,,3.6,17.0
,203126,Kris,Joseph,Kris Joseph,SG,28.5,35.0,,,3.46,6.0
,203077,Michael,Kidd-Gilchrist,Michael Kidd-Gilchrist,SF,32.0,35.5,11.77,,3.18,6.0
,203117,Doron,Lamb,Doron Lamb,SG-PG,29.0,33.5,11.12,,3.41,2.0
,203087,Jeremy,Lamb,Jeremy Lamb,SG,31.5,38.0,10.98,,3.25,5.0
,203086,Meyers,Leonard,Meyers Leonard,C,30.0,32.5,11.34,,3.41,19.0
,203081,Damian,Lillard,Damian Lillard,PG,34.5,39.5,11.15,,3.34,13.0
,203159,Scott,Machado,Scott Machado,PG,27.0,32.5,11.26,,3.3,17.0
,203088,Kendall,Marshall,Kendall Marshall,PG,31.0,37.0,12.03,,3.23,
,203097,Fab,Melo,Fab Melo,C,29.5,31.0,12.14,,3.44,9.0
,203114,Khris,Middleton,Khris Middleton,SF,28.0,31.0,11.45,,3.47,4.0
,203121,Darius,Miller,Darius Miller,SF-SG,33.0,37.0,11.34,,3.31,14.0
,203113,Quincy,Miller,Quincy Miller,SF,30.5,36.0,11.05,,3.48,8.0
,203183,Tony,Mitchell,Tony Mitchell,SG,31.5,40.0,11.72,,3.47,14.0
,203102,Arnett,Moultrie,Arnett Moultrie,PF,33.5,37.5,11.32,,3.22,10.0
,203122,Kevin,Murphy,Kevin Murphy,SG,31.0,36.5,10.97,,3.42,11.0
,203094,Andrew,Nicholson,Andrew Nicholson,PF,28.5,30.5,11.89,,3.67,10.0
,203124,Kyle,O'Quinn,Kyle O'Quinn,PF,31.5,31.5,11.65,,3.53,
,203101,Miles,Plumlee,Miles Plumlee,PF-C,34.0,40.5,10.64,,3.36,15.0
,203085,Austin,Rivers,Austin Rivers,SG-PG,32.5,37.5,11.54,,3.32,1.0
,203080,Thomas,Robinson,Thomas Robinson,PF,28.5,35.5,11.96,,3.17,15.0
,203082,Terrence,Ross,Terrence Ross,SG-SF,31.0,37.5,11.78,,3.28,2.0
,203107,Tomas,Satoransky,Tomas Satoransky,PG-SG,,,,,,
,203118,Mike,Scott,Mike Scott,PF,27.0,32.5,11.59,,3.44,14.0
,203156,Henry,Sims,Henry Sims,C-PF,26.5,29.5,12.33,,3.44,7.0
,203096,Jared,Sullinger,Jared Sullinger,PF,29.5,31.0,12.77,,3.81,9.0
,203106,Jeff,Taylor,Jeff Taylor,SF-SG,33.5,40.0,10.87,,3.29,15.0
,12507,Jordan,Taylor,Jordan Taylor,PG,33.0,36.5,10.57,,3.19,14.0
,203116,Tyshawn,Taylor,Tyshawn Taylor,PG,32.0,36.5,11.48,,3.2,0.0
,203104,Marquis,Teague,Marquis Teague,PG,32.5,40.5,10.65,,3.19,8.0
,203138,Hollis,Thompson,Hollis Thompson,SF,28.5,36.5,11.72,,3.38,6.0
,203079,Dion,Waiters,Dion Waiters,SG,,,,,,
,203091,Royce,White,Royce White,PF,,,,,,
,203100,Tony,Wroten,Tony Wroten,PG,30.0,35.5,10.75,,3.24,0.0
,203092,Tyler,Zeller,Tyler Zeller,PF-C,30.0,34.0,11.13,,3.4,16.0
,203500,Steven,Adams,Steven Adams,C,28.5,33.0,11.85,3.02,3.4,16.0
,203505,Vander,Blue,Vander Blue,SG,28.0,37.5,10.4,2.7,3.14,4.0
,203485,Lorenzo,Brown,Lorenzo Brown,PG,28.0,34.0,11.78,3.24,3.4,8.0
,203493,Reggie,Bullock,Reggie Bullock,SG-SF,31.0,36.5,11.33,3.3,3.31,11.0
,203504,Trey,Burke,Trey Burke,PG,29.5,36.5,11.2,3.01,3.16,3.0
,203484,Kentavious,Caldwell-Pope,Kentavious Caldwell-Pope,SG,29.0,34.5,10.6,3.2,3.12,7.0
,203477,Isaiah,Canaan,Isaiah Canaan,PG,33.0,40.5,10.98,2.89,3.22,16.0
,203478,Jackie,Carmichael,Jackie Carmichael,PF,30.0,32.0,11.83,3.07,3.35,13.0
,203487,Michael,Carter-Williams,Michael Carter-Williams,PG,31.5,41.0,10.68,3.7,3.22,8.0
,12524,Will,Clyburn,Will Clyburn,SF-SG,28.0,34.5,11.68,3.12,3.38,3.0
,203496,Robert,Covington,Robert Covington,SF-PF,29.5,36.0,11.69,3.1,3.34,9.0
,203459,Allen,Crabbe,Allen Crabbe,SG,30.5,36.0,10.67,3.1,3.32,10.0
,203552,Seth,Curry,Seth Curry,SG,,,,,,
,203561,Brandon,Davies,Brandon Davies,PF,26.0,31.5,11.22,3.14,3.5,7.0
,203473,Dewayne,Dedmon,Dewayne Dedmon,C,28.0,32.5,12.75,3.26,3.4,8.0
,203476,Gorgui,Dieng,Gorgui Dieng,C,,,,,,
,203516,James,Ennis,James Ennis,SF,29.5,36.5,11.55,3.06,3.4,7.0
,203467,Carrick,Felix,Carrick Felix,SF-SG,32.0,38.5,11.16,3.09,3.25,15.0
,203479,Jamaal,Franklin,Jamaal Franklin,SG-SF,,,,,,
,203497,Rudy,Gobert,Rudy Gobert,C,25.0,29.0,12.85,3.19,3.57,7.0
,203462,Archie,Goodwin,Archie Goodwin,SG,30.0,36.0,10.75,3.41,3.27,1.0
,203475,Erick,Green,Erick Green,PG,,,,,,5.0
,203501,Tim,Hardaway Jr.,Tim Hardaway Jr.,SG,31.5,37.5,10.68,2.93,3.25,16.0
,203524,Solomon,Hill,Solomon Hill,SF,29.5,37.5,10.77,2.91,3.19,14.0
,203494,Richard,Howell,Richard Howell,PF,,,,,,
,203470,Colton,Iverson,Colton Iverson,C,26.5,30.0,11.52,3.04,3.52,12.0
,203510,Pierre,Jackson,Pierre Jackson,PG,,,,,,
,203511,Grant,Jerrett,Grant Jerrett,PF,28.5,34.0,11.85,3.23,3.51,2.0
,203509,Myck,Kabongo,Myck Kabongo,PG,27.5,33.5,10.64,2.86,3.44,2.0
,203483,Kenny,Kadji,Kenny Kadji,PF-C,34.0,38.0,11.47,2.88,3.44,9.0
,203527,Ryan,Kelly,Ryan Kelly,PF,,,,,,
,203499,Shane,Larkin,Shane Larkin,PG,34.5,44.0,10.64,3.03,3.08,12.0
,203495,Ricky,Ledo,Ricky Ledo,SG,27.0,33.5,10.72,3.16,3.32,4.0
,203458,Alex,Len,Alex Len,C,,,,,,
,203466,CJ,Leslie,CJ Leslie,PF-SF,32.5,40.5,10.19,2.79,3.1,
,203522,Trevor,Mbakwe,Trevor Mbakwe,PF,30.0,36.5,12.01,2.97,3.32,21.0
,203492,Ray,McCallum,Ray McCallum,PG,30.5,40.0,10.82,3.08,3.25,5.0
,203468,CJ,McCollum,CJ McCollum,PG-SG,32.0,38.5,11.02,2.91,3.32,13.0
,203463,Ben,McLemore,Ben McLemore,SG,32.5,42.0,11.87,3.11,3.27,6.0
,203502,Tony,Mitchell,Tony Mitchell,PF-SF,33.5,38.0,11.82,3.25,3.52,13.0
,203498,Shabazz,Muhammad,Shabazz Muhammad,SF-SG,29.5,37.0,10.99,2.93,3.32,10.0
,203513,Erik,Murphy,Erik Murphy,PF,24.5,29.5,12.19,2.96,3.57,13.0
,203488,Mike,Muscala,Mike Muscala,C-PF,28.0,33.5,11.76,2.99,3.44,5.0
,203457,Nerlens,Noel,Nerlens Noel,C,,,,,,
,203506,Victor,Oladipo,Victor Oladipo,SG,33.0,42.0,10.69,3.14,3.25,15.0
,203482,Kelly,Olynyk,Kelly Olynyk,PF-C,24.5,29.5,11.42,2.99,3.59,5.0
,203464,Brandon,Paul,Brandon Paul,SG,33.5,39.5,11.16,2.9,3.37,15.0
,203658,Norvel,Pelle,Norvel Pelle,PF-C,31.0,34.5,11.49,3.2,3.32,0.0
,203486,Mason,Plumlee,Mason Plumlee,C-PF,30.5,36.0,10.89,2.76,3.29,14.0
,203490,Otto,Porter,Otto Porter,SF,27.0,36.0,11.25,3.06,3.4,9.0
,203515,Phil,Pressey,Phil Pressey,PG,33.0,38.5,10.86,3.02,3.13,7.0
,203318,Glen,Rice,Glen Rice,SF-SG,33.0,40.5,10.99,3.08,3.25,10.0
,203460,Andre,Roberson,Andre Roberson,PF-SF,30.0,36.5,11.36,3.02,3.34,10.0
,203471,Dennis,Schroder,Dennis Schroder,PG,30.0,34.0,11.09,2.86,3.21,1.0
,203491,Peyton,Siva,Peyton Siva,PG,33.5,41.5,10.59,2.93,3.16,15.0
,203503,Tony,Snell,Tony Snell,SF-SG,30.0,36.5,11.36,2.84,3.25,7.0
,203480,James,Southerland,James Southerland,SF-PF,29.0,32.0,10.9,3.03,3.38,5.0
,203519,Adonis,Thomas,Adonis Thomas,SF,34.5,40.5,11.64,3.11,3.32,13.0
,203472,Deshaun,Thomas,Deshaun Thomas,SF,28.5,32.0,12.94,3.38,3.53,5.0
,203481,Jeff,Withey,Jeff Withey,C,26.5,29.0,12.49,3.29,3.47,10.0
,203489,Nate,Wolters,Nate Wolters,PG,,,,,,8.0
,203523,BJ,Young,BJ Young,SG-PG,,,,,,
,203469,Cody,Zeller,Cody Zeller,C-PF,35.5,37.5,10.82,2.69,3.15,17.0
14000,,Jordan,Adams,Jordan Adams,SG,24.5,29.5,12.13,3.05,3.5,
14001,,Kyle,Anderson,Kyle Anderson,SF,,,,,,
14002,,Thanasis,Antetokounmpo,Thanasis Antetokounmpo,SF,31.5,39.5,11.39,3.05,3.18,
14003,,Isaiah,Austin,Isaiah Austin,PF,26.5,29.5,11.0,3.18,3.55,
14004,,Jordan,Bachynski,Jordan Bachynski,PF,29.0,33.0,12.15,3.03,3.36,
14005,,Cameron,Bairstow,Cameron Bairstow,PF,31.0,33.5,11.39,3.09,3.37,
14006,,Khem,Birch,Khem Birch,PF,30.5,35.5,11.6,3.24,3.26,
14007,,Jabari,Brown,Jabari Brown,SG,28.0,32.0,11.6,3.26,3.5,
14008,,Markel,Brown,Markel Brown,SG,36.5,43.5,12.62,2.9,3.18,
14062,,Alec,Brown,Alec Brown,PF,27.0,30.0,12.05,2.91,3.48,
14009,,Deonte,Burton,Deonte Burton,PG,29.0,39.5,11.28,3.08,3.28,
14010,,Jahii,Carson,Jahii Carson,PG,33.5,43.5,11.26,3.24,3.24,
14011,,Semaj,Christon,Semaj Christon,PG,30.5,36.5,11.55,3.21,3.32,
14012,,Jordan,Clarkson,Jordan Clarkson,PG,33.0,38.5,10.76,2.98,3.28,
14013,,Aaron,Craft,Aaron Craft,PG,29.0,32.0,10.78,2.9,3.26,
14014,,DeAndre,Daniels,DeAndre Daniels,SF,26.5,32.0,11.46,3.04,3.44,
14015,,Spencer,Dinwiddie,Spencer Dinwiddie,PG,,,,,,
14016,,Cleanthony,Early,Cleanthony Early,SF,34.0,40.0,11.15,2.96,3.18,
14017,,Melvin,Ejim,Melvin Ejim,SF,29.5,35.0,11.55,3.12,3.14,
14019,,Tyler,Ennis,Tyler Ennis,PG,29.0,36.0,11.12,2.84,3.3,
14020,,Dante,Exum,Dante Exum,SG,31.5,34.5,10.75,2.88,3.19,
14021,,C.J.,Fair,C.J. Fair,SF,27.0,35.0,11.0,3.06,3.32,
14022,,Aaron,Gordon,Aaron Gordon,PF,32.5,39.0,10.81,2.76,3.27,
14023,,Jerami,Grant,Jerami Grant,SF,,,,,,
14024,,P.J.,Hairston,P.J. Hairston,SG,32.0,37.0,11.12,,3.32,
14025,,Gary,Harris,Gary Harris,SG,,,,,,
14026,,Joe,Harris,Joe Harris,SG,28.5,33.5,11.11,2.92,3.31,
14027,,Rodney,Hood,Rodney Hood,SF,29.0,36.0,11.21,3.14,3.38,
14028,,Cory,Jefferson,Cory Jefferson,PF,33.0,37.5,12.63,3.39,3.36,
14029,,Nick,Johnson,Nick Johnson,SG,33.5,41.5,10.8,2.95,3.27,
14030,,DeAndre,Kane,DeAndre Kane,PG,31.5,35.5,10.95,2.85,3.16,
14031,,Sean,Kilpatrick,Sean Kilpatrick,SG,,,,,,
14032,,Alex,Kirk,Alex Kirk,PF,28.5,31.5,11.2,3.19,3.48,
14033,,Zach,LaVine,Zach LaVine,PG,33.5,41.5,10.42,2.8,3.19,
14034,,Devyn,Marble,Devyn Marble,SG,29.0,35.0,11.32,3.08,3.28,
14039,,James,McAdoo,James McAdoo,PF,29.5,34.0,11.61,2.91,3.28,
14035,,K.J.,McDaniels,K.J. McDaniels,SF,33.0,37.0,12.71,3.2,3.1,
14036,,Doug,McDermott,Doug McDermott,SF,28.5,36.5,11.1,3.15,3.29,
14038,,Jordan,McRae,Jordan McRae,SG,27.5,34.5,11.07,3.15,3.39,
14040,,Shabazz,Napier,Shabazz Napier,PG,30.5,37.5,11.6,3.13,3.2,
14041,,Johnny,O?Bryant III,Johnny O?Bryant III,PF,31.0,35.5,11.57,3.32,3.45,
14043,,Lamar,Patterson,Lamar Patterson,SG,27.5,32.5,11.63,3.13,3.45,
14044,,Adreian,Payne,Adreian Payne,PF,,,,,,
14045,,Elfrid,Payton,Elfrid Payton,PG,31.5,35.5,11.06,2.92,3.23,
14046,,Dwight,Powell,Dwight Powell,PF,28.5,35.0,11.28,2.88,3.2,
14047,,Julius,Randle,Julius Randle,PF,29.0,35.5,11.45,3.14,3.27,
14048,,Glenn,Robinson III,Glenn Robinson III,SF,36.5,41.5,11.22,3.04,3.15,
14049,,LaQuinton,Ross,LaQuinton Ross,SF,25.0,31.0,11.97,3.52,3.44,
14050,,Marcus,Smart,Marcus Smart,PG,33.0,36.0,10.82,2.96,3.26,
14051,,Russ,Smith,Russ Smith,PG,29.5,34.0,11.57,3.01,3.27,
14052,,Nik,Stauskas,Nik Stauskas,SG,29.0,35.5,10.79,2.92,3.27,
14053,,Jarnell,Stokes,Jarnell Stokes,PF,31.0,36.0,11.92,3.2,3.26,
14054,,Xavier,Thames,Xavier Thames,PG,29.0,32.5,11.48,3.02,3.48,
14055,,Noah,Vonleh,Noah Vonleh,PF,31.0,37.0,11.45,3.29,3.28,
14056,,T.J.,Warren,T.J. Warren,SF,27.0,35.5,11.1,3.04,3.26,
14058,,C.J.,Wilcox,C.J. Wilcox,SG,31.0,37.5,11.3,2.92,3.22,
14061,,Kendall,Williams,Kendall Williams,PG,27.0,33.0,10.83,2.85,,
14059,,James,Young,James Young,SG,28.0,35.5,,,,
14060,,Patric,Young,Patric Young,PF,32.0,37.5,11.18,3.06,3.43,
15000,,Cliff,Alexander,Cliff Alexander,PF-C,,,,,,
15001,,Justin,Anderson,Justin Anderson,SF-SG,38.0,43.0,11.13,2.88,3.22,12.0
15002,,Brandon,Ashley,Brandon Ashley,PF,31.5,35.5,11.21,3.35,3.58,9.0
15003,,Ryan,Boatright,Ryan Boatright,PG,32.0,41.0,10.71,3.05,3.26,10.0
15004,,Devin,Booker,Devin Booker,SG,27.5,34.5,10.27,2.75,3.28,8.0
15005,,Anthony,Brown,Anthony Brown,SF-SG,27.5,34.5,10.94,3.29,3.18,4.0
15006,,Willie,Cauley-Stein,Willie Cauley-Stein,C,,,,,,
15007,,Rakeem,Christmas,Rakeem Christmas,PF-C,29.0,32.0,11.6,3.3,3.47,9.0
15008,,Pat,Connaughton,Pat Connaughton,SG,37.5,44.0,10.58,3.08,3.2,13.0
15009,,Quinn,Cook,Quinn Cook,PG,24.5,31.0,11.44,3.41,3.38,14.0
15010,,Branden,Dawson,Branden Dawson,PF,28.5,34.5,12.22,3.53,3.2,12.0
15012,,Sam,Dekker,Sam Dekker,SF,25.5,34.5,10.64,2.96,3.28,5.0
15013,,Michael,Frazier II,Michael Frazier II,SG,27.0,35.0,10.66,3.02,3.32,10.0
15014,,Treveon,Graham,Treveon Graham,SF,28.5,31.5,11.64,3.15,3.3,11.0
15015,,Jerian,Grant,Jerian Grant,PG,,,,,,
15016,,Olivier,Hanlan,Olivier Hanlan,PG-SG,28.0,34.0,11.41,3.12,3.25,19.0
15017,,Montrezl,Harrell,Montrezl Harrell,PF,,,,,,
15018,,Aaron,Harrison,Aaron Harrison,SG,28.5,34.5,,,3.27,1.0
15019,,Andrew,Harrison,Andrew Harrison,PG,26.5,33.0,11.2,,3.34,
15020,,Tyler,Harvey,Tyler Harvey,SG,26.0,28.5,10.56,2.93,3.44,1.0
15021,,Corey,Hawkins,Corey Hawkins,SG-PG,28.5,34.0,10.81,,3.51,9.0
15022,,Rondae,Hollis-Jefferson,Rondae Hollis-Jefferson,SF,32.0,38.0,10.41,3.19,3.12,13.0
15023,,Jonathan,Holmes,Jonathan Holmes,PF-SF,25.5,31.0,10.95,3.12,3.51,
15024,,Richaun,Holmes,Richaun Holmes,PF,32.5,36.0,11.24,3.31,3.32,15.0
15025,,R.J.,Hunter,R.J. Hunter,SG,27.5,33.5,10.87,2.91,3.26,1.0
15026,,Vince,Hunter,Vince Hunter,PF,33.5,37.5,11.19,3.06,3.26,13.0
15027,,Mouhammadou,Jaiteh,Mouhammadou Jaiteh,C-PF,24.5,31.5,11.83,3.08,3.38,7.0
15028,,Dakari,Johnson,Dakari Johnson,C,22.5,25.0,11.76,2.94,3.62,4.0
15029,,Stanley,Johnson,Stanley Johnson,SF,,,,,,
15030,,Tyus,Jones,Tyus Jones,PG,26.5,32.5,11.84,2.95,3.32,2.0
15031,,Frank,Kaminsky,Frank Kaminsky,C-PF,,,,,,
15032,,Kevon,Looney,Kevon Looney,PF,,,,,,
15033,,Trey,Lyles,Trey Lyles,PF,,,,,,
15034,,Jarell,Martin,Jarell Martin,PF,28.5,35.0,11.2,2.97,3.27,19.0
15035,,TJ,McConnell,TJ McConnell,PG,26.0,31.5,10.95,3.09,3.3,7.0
15036,,Chris,McCullough,Chris McCullough,PF,,,,,,
15037,,Jordan,Mickey,Jordan Mickey,PF,33.0,37.5,11.72,3.13,3.28,9.0
15038,,Larry,Nance,Larry Nance,PF,29.0,37.5,10.93,3.01,3.25,10.0
15039,,Kelly,Oubre,Kelly Oubre,SF-SG,34.5,37.0,11.09,3.12,3.32,7.0
15040,,Cameron,Payne,Cameron Payne,PG,29.75,35.5,10.9,2.93,3.28,0.0
15041,,Terran,Petteway,Terran Petteway,SG,25.0,31.0,10.91,3.1,3.32,15.0
15042,,Bobby,Portis,Bobby Portis,PF,25.0,31.5,11.78,3.28,3.56,5.0
15043,,Norman,Powell,Norman Powell,SG,32.5,40.5,10.69,3.2,3.2,5.0
15044,,Michael,Qualls,Michael Qualls,SG-SF,34.0,39.5,11.88,,3.18,9.0
15045,,Chasson,Randle,Chasson Randle,PG,33.5,39.5,10.63,2.81,3.2,6.0
15046,,Terry,Rozier,Terry Rozier,PG-SG,33.0,38.0,10.84,2.84,3.15,7.0
15047,,D?Angelo,Russell,D?Angelo Russell,PG-SG,,,,,,
15048,,Keifer,Sykes,Keifer Sykes,PG,34.0,43.0,10.47,3.15,3.13,8.0
15049,,TaShawn,Thomas,TaShawn Thomas,PF,26.0,30.5,11.84,3.24,3.47,9.0
15050,,Marcus,Thornton,Marcus Thornton,PG-SG,34.5,43.0,10.78,2.88,3.02,3.0
15051,,J.P.,Tokoto,J.P. Tokoto,SF-SG,34.5,40.0,10.97,3.2,3.27,12.0
15052,,Myles,Turner,Myles Turner,C-PF,,,,,,
15053,,Robert,Upshaw,Robert Upshaw,C,,,,,,
15054,,Rashad,Vaughn,Rashad Vaughn,SG,28.0,34.0,11.4,3.1,3.21,5.0
15055,,Chris,Walker,Chris Walker,PF,30.5,37.0,11.25,3.41,3.35,6.0
15056,,Dez,Wells,Dez Wells,SG,31.5,39.0,10.56,3.05,3.2,15.0
15057,,Aaron,White,Aaron White,PF-SF,30.0,35.0,11.56,3.15,3.38,7.0
15058,,Alan,Williams,Alan Williams,PF,25.5,28.5,12.26,3.54,3.5,8.0
15059,,Justise,Winslow,Justise Winslow,SF,,,,,,
15060,,Christian,Wood,Christian Wood,PF,,,,,,
15061,,Delon,Wright,Delon Wright,PG,29.5,31.0,11.16,3.5,3.29,4.0
15062,,Joseph,Young,Joseph Young,SG-PG,34.5,40.5,10.75,3.11,3.25,9.0
15011,,George,de Paula,George de Paula,PG,28.0,34.0,11.34,3.16,3.45,6.0
16000,,Ron,Baker,Ron Baker,SG,30.0,35.5,10.77,2.96,3.45,
16001,,Wade,Baldwin IV,Wade Baldwin IV,PG,32.5,38.0,10.45,3.01,3.19,
16002,,Cat,Barber,Cat Barber,PG,,,,,,
16003,,Malik,Beasley,Malik Beasley,SG,,,,0.0,,
16004,,DeAndre,Bembry,DeAndre Bembry,SG-SF,32.0,38.0,10.9,2.87,3.17,
16005,,Ben,Bentil,Ben Bentil,PF,29.0,33.0,11.16,3.1,3.3,
16006,,Jaron,Blossomgame,Jaron Blossomgame,SF,35.0,41.0,11.53,3.26,3.2,
16007,,Joel,Bolomboy,Joel Bolomboy,PF,37.5,40.5,10.26,2.86,3.17,
16008,,Malcolm,Brogdon,Malcolm Brogdon,SG,30.5,35.5,10.77,2.64,3.31,
16009,,Jaylen,Brown,Jaylen Brown,SG-SF,,,,,,
16010,,Robert,Carter Jr,Robert Carter Jr,PF,24.5,30.5,11.97,3.15,3.65,
16011,,Marquese,Chriss,Marquese Chriss,PF,32.5,38.5,11.93,3.05,3.26,
16012,,Elgin,Cook,Elgin Cook,SF,,,,,,
16013,,Isaiah,Cousins,Isaiah Cousins,PG,30.5,37.0,10.79,2.97,3.24,
16014,,Deyonta,Davis,Deyonta Davis,PF,,,,,,
16015,,Cheick,Diallo,Cheick Diallo,PF,31.0,35.0,11.24,3.3,3.26,
16016,,Kris,Dunn,Kris Dunn,PG,,,,,,
16017,,Henry,Ellenson,Henry Ellenson,PF,,,,,,
16018,,Perry,Ellis,Perry Ellis,PF,32.0,38.0,10.73,3.03,3.13,
16019,,AJ,English,AJ English,PG,29.5,35.5,12.27,3.27,3.28,
16020,,Kay,Felder,Kay Felder,PG,35.5,44.0,11.52,2.9,3.15,
16021,,Dorian,Finney-Smith,Dorian Finney-Smith,SF,32.5,35.5,11.01,3.04,3.27,
16022,,Michael,Gbinije,Michael Gbinije,SG,33.5,37.5,11.0,3.19,3.12,
16023,,Daniel,Hamilton,Daniel Hamilton,SG-SF,26.0,29.0,11.48,3.2,3.4,
16025,,Josh,Hart,Josh Hart,SG,29.5,38.5,11.15,3.15,3.2,
16026,,Nigel,Hayes,Nigel Hayes,SF-PF,25.5,28.5,12.11,2.9,3.2,
16027,,Buddy,Hield,Buddy Hield,SG,,,,,,
16029,,Demetrius,Jackson,Demetrius Jackson,PG,37.5,43.5,10.81,2.87,3.25,
16030,,Justin,Jackson,Justin Jackson,SF,29.5,34.5,11.32,2.96,3.26,
16031,,Brice,Johnson,Brice Johnson,PF,33.5,38.0,11.88,2.94,3.2,
16032,,Damian,Jones,Damian Jones,C,36.0,37.0,11.35,3.12,3.2,
16033,,Skal,Labissiere,Skal Labissiere,PF-C,,,,,,
16034,,Dedric,Lawson,Dedric Lawson,PF,22.5,28.0,12.48,3.39,3.65,
16035,,Jake,Layman,Jake Layman,SF,33.0,39.5,11.35,2.82,3.24,
16037,,Caris,LeVert,Caris LeVert,SG,,,,,,
16036,,Marcus,Lee,Marcus Lee,PF-C,28.5,35.5,11.68,3.19,3.25,
16038,,Thon,Maker,Thon Maker,PF,32.0,36.5,11.15,3.09,3.33,
16039,,Patrick,McCaw,Patrick McCaw,PG-SG,30.0,38.0,11.01,2.97,3.3,
16063,,Sheldon,McClellan,Sheldon McClellan,SG,35.0,41.5,10.45,3.04,3.26,
16040,,Isaiah,Miles,Isaiah Miles,PF,24.0,31.5,11.76,3.25,3.39,
16042,,Malik,Newman,Malik Newman,SG,30.0,35.5,10.88,3.11,3.28,
16043,,Georges,Niang,Georges Niang,PF,25.0,31.0,11.64,3.17,3.49,
16044,,Chinanu,Onuaku,Chinanu Onuaku,C,27.5,33.5,11.65,3.0,3.5,
16045,,Marcus,Paige,Marcus Paige,PG,33.5,39.5,10.82,2.69,3.15,
16046,,Gary,Payton II,Gary Payton II,PG,31.5,38.5,11.57,3.17,3.23,
16047,,Jakob,Poeltl,Jakob Poeltl,C,,,,,,
16048,,Taurean,Prince,Taurean Prince,SF,34.0,36.0,10.96,2.8,3.24,
16049,,Zhou,Qi,Zhou Qi,PF-C,31.5,32.0,11.27,2.9,3.46,
16050,,Malachi,Richardson,Malachi Richardson,SG-SF,33.0,38.0,10.56,3.25,3.33,
16051,,Wayne,Selden,Wayne Selden,SG,,,,,,
16052,,Pascal,Siakam,Pascal Siakam,PF,30.5,36.5,11.25,3.09,3.41,
16053,,Diamond,Stone,Diamond Stone,C,27.0,29.5,12.02,3.22,3.5,
16054,,Caleb,Swanigan,Caleb Swanigan,PF,26.0,29.0,12.8,,,
16055,,Melo,Trimble,Melo Trimble,PG,26.5,35.5,10.57,2.77,3.2,
16056,,Tyler,Ulis,Tyler Ulis,PG,32.5,38.0,10.8,2.88,3.2,
16057,,Jarrod,Uthoff,Jarrod Uthoff,PF,29.0,34.5,11.52,3.03,3.5,
16058,,Denzel,Valentine,Denzel Valentine,SG-SF,27.0,32.0,10.51,3.22,3.46,
16059,,Isaiah,Whitehead,Isaiah Whitehead,PG-SG,27.5,35.5,11.65,3.21,3.34,
16060,,Troy,Williams,Troy Williams,SF,30.0,36.0,10.72,3.08,3.35,
16061,,Kyle,Wiltjer,Kyle Wiltjer,PF,28.5,35.5,11.35,3.04,3.48,
16062,,Stephen,Zimmerman,Stephen Zimmerman,C,26.0,31.0,12.08,3.16,3.43,
17000,,Edrice,Adebayo,Edrice Adebayo,PF-C,33.5,38.5,11.94,3.24,3.24,
17001,,Rawle,Alkins,Rawle Alkins,SG-SF,31.5,40.5,11.99,3.18,3.3,
17002,,Jarrett,Allen,Jarrett Allen,C,31.5,35.5,11.82,3.0,3.21,
17003,,Kadeem,Allen,Kadeem Allen,PG,33.0,35.5,11.24,2.98,3.15,
17004,,Ike,Anigbogu,Ike Anigbogu,C,29.5,32.5,12.52,3.48,3.44,
17005,,OG,Anunoby,OG Anunoby,SF,,,,,,
17006,,Jamel,Artis,Jamel Artis,SG-SF,23.5,31.0,11.62,3.08,3.44,
17007,,Dwayne,Bacon,Dwayne Bacon,SG-SF,30.0,36.5,11.7,3.22,3.22,
17008,,V.J.,Beachem,V.J. Beachem,SG-SF,30.0,37.0,11.18,3.19,3.26,
17009,,Jordan,Bell,Jordan Bell,PF,31.5,38.0,10.63,2.83,3.21,
17010,,Jaron ,Blossomgame,Jaron  Blossomgame,SF,31.0,35.5,11.47,3.35,3.17,
17011,,Chris,Boucher,Chris Boucher,PF,,,,,,
17012,,Tony,Bradley,Tony Bradley,C,24.5,27.5,11.79,2.99,3.44,
17013,,Isaiah,Briscoe,Isaiah Briscoe,PG,28.0,33.5,10.95,2.85,3.38,
17014,,Dillon,Brooks,Dillon Brooks,SG-SF,31.0,37.5,11.14,3.24,3.21,
17015,,Thomas,Bryant,Thomas Bryant,PF-C,25.5,33.0,11.42,3.12,3.37,
17017,,Zach,Collins,Zach Collins,PF-C,,,,,,
17016,,John,Collins,John Collins,PF,33.0,37.5,11.66,3.27,3.27,
17018,,Hamidou,Diallo,Hamidou Diallo,SG-SF,34.5,44.5,10.88,2.79,3.11,
17019,,Tyler,Dorsey,Tyler Dorsey,SG,30.5,36.0,10.55,2.98,3.16,
17020,,Damyean,Dotson,Damyean Dotson,SG-SF,31.5,38.0,11.18,3.03,3.13,
17021,,PJ,Dozier,PJ Dozier,SG,34.0,39.0,10.84,2.98,3.15,
17022,,Jawun,Evans,Jawun Evans,PG,27.5,33.5,11.34,3.26,3.21,
17023,,Terrance,Ferguson,Terrance Ferguson,SG-SF,28.5,38.0,11.16,3.22,3.32,
17024,,De?Aaron,Fox,De?Aaron Fox,PG,,,,,,
17025,,Markelle,Fultz,Markelle Fultz,PG,,,,,,
17026,,Harry,Giles,Harry Giles,PF,27.0,32.5,11.08,3.0,3.34,
17027,,Josh,Hart,Josh Hart,SG-SF,27.5,35.5,11.15,3.02,3.18,
17028,,Nigel,Hayes,Nigel Hayes,PF,29.0,33.5,11.81,2.94,3.27,
17029,,Isaiah,Hicks,Isaiah Hicks,PF,31.5,37.0,12.31,3.31,3.36,
17030,,Wesley,Iwundu,Wesley Iwundu,SG-SF,31.5,36.0,11.25,3.23,3.36,
17031,,Frank,Jackson,Frank Jackson,PG,34.5,42.0,10.94,2.7,3.14,
17033,,Justin,Jackson (UMD),Justin Jackson (UMD),SF,26.5,31.5,11.78,3.08,3.43,
17032,,Justin,Jackson (UNC),Justin Jackson (UNC),SF,29.5,35.5,10.8,3.06,3.3,
17034,,Jonathan,Jeanne,Jonathan Jeanne,PF-C,29.0,32.0,12.61,3.16,3.36,
17035,,Peter,Jok,Peter Jok,SG-SF,26.5,31.0,11.34,2.93,3.41,
17036,,Andrew,Jones,Andrew Jones,SG,27.0,35.0,11.38,3.19,3.34,
17037,,Luke,Kennard,Luke Kennard,SG-SF,,,,,,
17038,,Kyle,Kuzma,Kyle Kuzma,SF-SG,27.0,34.0,10.72,2.98,3.25,
17039,,TJ,Leaf,TJ Leaf,PF,29.0,34.5,11.55,3.27,3.27,
17040,,Tyler,Lydon,Tyler Lydon,PF,29.5,33.5,11.68,2.81,3.46,
17041,,Frank,Mason III,Frank Mason III,PG,34.0,41.0,11.41,3.09,3.18,
17042,,Kennedy,Meeks,Kennedy Meeks,C,28.0,30.5,12.91,3.35,3.5,
17043,,Eric,Mika,Eric Mika,PF-C,29.0,32.0,11.71,2.96,3.38,
17044,,Donovan,Mitchell,Donovan Mitchell,SG,36.5,40.5,11.53,3.07,3.01,
17045,,Monte,Morris,Monte Morris,PG,28.0,33.5,11.0,3.2,3.19,
17046,,Johnathan,Motley,Johnathan Motley,PF,,,,,,
17047,,Svi,Mykhailiuk,Svi Mykhailiuk,SG-SF,27.0,33.0,12.4,3.25,3.53,
17048,,Semi,Ojeleye,Semi Ojeleye,SF-SG,35.0,40.5,10.58,3.07,3.16,
17049,,Cameron,Oliver,Cameron Oliver,PF,28.0,39.5,12.17,3.31,3.16,
17050,,Justin,Patton,Justin Patton,C,26.0,30.5,11.8,3.31,3.46,
17051,,Alec,Peters,Alec Peters,PF,,,,,,
17052,,Ivan,Rabb,Ivan Rabb,PF,28.5,32.5,12.68,3.23,3.35,
17053,,Davon,Reed,Davon Reed,SG-SF,28.5,36.0,11.37,3.21,3.34,
17054,,Devin,Robinson,Devin Robinson,SF,35.5,41.5,12.85,3.61,3.23,
17055,,Kobi,Simmons,Kobi Simmons,PG,30.5,38.5,11.15,2.98,3.18,
17056,,Edmond,Sumner,Edmond Sumner,PG,,,,,,
17057,,Caleb,Swanigan,Caleb Swanigan,PF,,,,,,
17058,,Sindarius,Thornwell,Sindarius Thornwell,SG-SF,27.0,30.5,11.48,3.03,3.36,
17059,,Melo,Trimble,Melo Trimble,PG,24.5,32.0,10.75,2.92,3.27,
17060,,Moritz,Wagner,Moritz Wagner,PF,25.5,32.5,12.0,2.98,3.35,
17061,,Derrick,Walton Jr.,Derrick Walton Jr.,PG,26.0,32.5,11.28,3.12,3.29,
17062,,Thomas,Welsh,Thomas Welsh,PF-C,,,,,,
17063,,Derrick,White,Derrick White,PG,31.0,36.5,10.84,2.92,3.08,
17064,,Nigel,Williams-Goss,Nigel Williams-Goss,PG,27.5,34.5,10.42,3.08,3.19,
17065,,D.J.,Wilson,D.J. Wilson,PF,,,,,,
17066,,Omer,Yurtseven,Omer Yurtseven,C,26.0,31.5,12.85,3.3,3.45,
